km_marco_m,ndvi_medio,ndvi_mediana,ndvi_p10,ndvi_p90,n_pixels,nuvem_pct,data_imagem,data_alvo,defasagem_dias
0,0.5055514558625551,0.5053282292107351,0.22493477784268942,0.7638154636457989,726,0.0,2026-03-16,2026-03-13,3
500,0.5309607287535135,0.5782345828295042,0.2582043343653251,0.752626050420168,41,0.0,2026-03-16,2026-03-13,3
1000,0.5701736378390052,0.5766480156949363,0.38164252595036646,0.7389864662818301,98,0.0,2026-03-16,2026-03-13,3
1500,0.5168664941711696,0.5063181994215463,0.3379654706008427,0.6984701484177526,319,0.0,2026-03-16,2026-03-13,3
2000,0.585817645985932,0.5847616823291324,0.4020721210872293,0.7477346306010357,167,0.0,2026-03-16,2026-03-13,3
3500,0.4375252112792305,0.42867060048594235,0.24454809569085856,0.6322741877900749,10,0.0,2026-03-16,2026-03-13,3
4000,0.44457123318646513,0.5015567653085145,0.14180790895725603,0.6663717622991066,403,0.0,2026-03-16,2026-03-13,3
4500,0.3794250849539634,0.4315122683584743,0.0750690566985466,0.6649121933648882,187,0.0,2026-03-16,2026-03-13,3
5000,0.5322541008621023,0.551865035258774,0.3416328274805698,0.6839024390243903,292,0.0,2026-03-16,2026-03-13,3
5500,0.3894810463861903,0.41611953342849894,0.06438595166163627,0.7023621507968912,322,0.0,2026-03-16,2026-03-13,3
6000,0.5426816130758327,0.5604964801197018,0.3354776094857421,0.7170265859883841,178,0.0,2026-03-16,2026-03-13,3
6500,0.5926189421881687,0.6035260468839795,0.3994701322505361,0.7833900646131714,148,0.0,2026-03-16,2026-03-13,3
7000,0.679609875472732,0.7274593273978975,0.4518048466091584,0.8416239267409927,255,0.0,2026-03-16,2026-03-13,3
8500,0.5833809322494738,0.6244314489928525,0.3268053855569155,0.7169860928481276,31,0.0,2026-03-16,2026-03-13,3
9000,0.48841452386600953,0.5213419584011614,0.2090313182811362,0.7193781217380196,152,0.0,2026-03-16,2026-03-13,3
9500,0.5177501505968141,0.5452278064959685,0.309773817408351,0.673707413685094,373,0.0,2026-03-16,2026-03-13,3
10000,0.5686290717900654,0.5873667956391004,0.35351293226649244,0.7370803086749973,199,0.0,2026-03-16,2026-03-13,3
10500,0.6293627791051434,0.6611926165285744,0.43537165873306477,0.7880567792462067,77,0.0,2026-03-16,2026-03-13,3
11000,0.590365075487143,0.6145963509122719,0.3185378590078329,0.7442455242966752,18,0.0,2026-03-16,2026-03-13,3
11500,0.49892435937348223,0.5398363690891106,0.3013923013923014,0.6513002210116025,71,0.0,2026-03-16,2026-03-13,3
12000,0.5485975013123464,0.5459221158656059,0.3149438241181053,0.7571234317775033,175,0.0,2026-03-16,2026-03-13,3
12500,0.500410631803041,0.46247322962856974,0.21778153469415992,0.8215102974828375,136,0.0,2026-03-16,2026-03-13,3
13000,0.4562362963143816,0.46690177102450003,0.22089788313161685,0.662434442754969,277,0.0,2026-03-16,2026-03-13,3
13500,0.536438878641861,0.5732498234154294,0.2378025355359201,0.7566242924976229,65,0.0,2026-03-16,2026-03-13,3
14000,0.42591884819738624,0.4213685474189676,0.16579314299299297,0.7011690903906472,249,0.0,2026-03-16,2026-03-13,3
14500,0.3249387308364294,0.2894659191501918,0.17673758865248226,0.5114104002992892,4,0.0,2026-03-16,2026-03-13,3
15000,0.5415425665432065,0.5723483438950492,0.2752075756733436,0.7474308737821429,265,0.0,2026-03-16,2026-03-13,3
15500,0.3591305380785618,0.38873240318689806,0.07877744296168747,0.6786275737340011,57,0.0,2026-03-16,2026-03-13,3
16000,0.3430532257801225,0.38007636237417564,0.1279748540637629,0.5299352750809061,6,0.0,2026-03-16,2026-03-13,3
16500,0.10193364245730893,0.10469586951276949,0.038202758090779644,0.16121484198004074,163,0.0,2026-03-16,2026-03-13,3
17000,0.35926643727333657,0.3577535557781934,0.1611136351602239,0.5847874720357942,39,0.0,2026-03-16,2026-03-13,3
17500,0.47353430198691276,0.5591647331786543,0.10713262469138543,0.7238951559824756,168,0.0,2026-03-16,2026-03-13,3
18000,0.4847910604189357,0.5449927150616516,0.18132836327928317,0.6735269997880129,283,0.0,2026-03-16,2026-03-13,3
18500,0.535641505453826,0.5727083701444533,0.2912611188018779,0.7050619268812786,62,0.0,2026-03-16,2026-03-13,3
19000,0.5355851595707768,0.5839211469295319,0.15854921838031658,0.8193028448218099,488,0.0,2026-03-16,2026-03-13,3
19500,0.6021595813042849,0.6152080458153808,0.381807081569507,0.8141711730788268,312,0.0,2026-03-16,2026-03-13,3
20000,0.5150406043333098,0.5215150967481611,0.22571670787535839,0.7833439285890976,400,0.0,2026-03-16,2026-03-13,3
20500,0.5276553746456455,0.5876934000066352,0.17017867413841836,0.776285776843624,77,0.0,2026-03-16,2026-03-13,3
21000,0.3852083958869917,0.42349343344984297,0.16749890450825955,0.5584748478051906,80,0.0,2026-03-16,2026-03-13,3
21500,0.3632204799701213,0.35340625548549504,0.15722658509725812,0.6011510791366906,146,0.0,2026-03-16,2026-03-13,3
22000,0.41780644237402753,0.4203800499651228,0.16652222578480322,0.6964496591229686,297,0.0,2026-03-16,2026-03-13,3
22500,0.4437863969579601,0.44601368576316464,0.24873812265344789,0.6369114877589453,90,0.0,2026-03-16,2026-03-13,3
23000,0.4296660187765001,0.41638927603390635,0.15709069687442276,0.7722158438576349,194,0.251,2026-03-16,2026-03-13,3
23500,0.7263849310775666,0.717948717948718,0.6071213035606517,0.8387443560524618,1,0.9978,2026-03-16,2026-03-13,3
24000,,,,,0,1.0,2026-03-16,2026-03-13,3
24500,,,,,0,1.0,2026-03-16,2026-03-13,3
25000,,,,,0,1.0,2026-03-16,2026-03-13,3
25500,,,,,0,1.0,2026-03-16,2026-03-13,3
26000,,,,,0,1.0,2026-03-16,2026-03-13,3
26500,,,,,0,1.0,2026-03-16,2026-03-13,3
27000,,,,,0,1.0,2026-03-16,2026-03-13,3
27500,,,,,0,1.0,2026-03-16,2026-03-13,3
28000,,,,,0,1.0,2026-03-16,2026-03-13,3
28500,,,,,0,1.0,2026-03-16,2026-03-13,3
0,0.5218580742246535,0.5366717049469316,0.21327455326180744,0.7912689641712946,726,0.0,2026-03-21,2026-03-20,1
500,0.5809531213506258,0.6309226932668329,0.31871245525737096,0.7959463261136114,41,0.0,2026-03-21,2026-03-20,1
1000,0.5822507869363649,0.5980750823650226,0.36092524255512615,0.7640326434357415,98,0.0,2026-03-21,2026-03-20,1
1500,0.5255721869463579,0.5284947402423672,0.35739529510048196,0.6970735023054256,319,0.0,2026-03-21,2026-03-20,1
2000,0.6073252947625677,0.6036965527267787,0.4307992202729044,0.7607963588594915,167,0.0,2026-03-21,2026-03-20,1
3500,0.46662515448988773,0.45722937168811506,0.294072363356428,0.6450488145048815,10,0.0,2026-03-21,2026-03-20,1
4000,0.47504648871980093,0.5219629119284153,0.16610980701862832,0.7143356118480665,403,0.0,2026-03-21,2026-03-20,1
4500,0.39505610265734675,0.4438430311231394,0.060234347562158605,0.7053879601202047,187,0.0,2026-03-21,2026-03-20,1
5000,0.5391267379889882,0.5724523114626384,0.3179450490329244,0.7077171916477641,292,0.0,2026-03-21,2026-03-20,1
5500,0.37361844429139435,0.4093920077847372,0.06463952358679118,0.7284500090717223,322,0.0,2026-03-21,2026-03-20,1
6000,0.5703166349034352,0.5880509657031311,0.3698008378043956,0.729140716934684,178,0.0,2026-03-21,2026-03-20,1
6500,0.6291521323547922,0.650993046598643,0.44289288194291687,0.8023686583363773,148,0.0,2026-03-21,2026-03-20,1
7000,0.6712674879143815,0.7049885062252566,0.4771738623643081,0.8217646411603631,255,0.0,2026-03-21,2026-03-20,1
8500,0.6080186061736588,0.6449534717251253,0.2875760208514335,0.7673738112655449,31,0.0,2026-03-21,2026-03-20,1
9000,0.4513764343233163,0.49752838181811915,0.15433783268505918,0.716701808218953,152,0.0,2026-03-21,2026-03-20,1
9500,0.48768286408087647,0.5250754712347687,0.25924688078156516,0.6617770419728568,373,0.0,2026-03-21,2026-03-20,1
10000,0.5440029715806556,0.576913174359923,0.27391975308641975,0.7558643702410903,199,0.0,2026-03-21,2026-03-20,1
10500,0.6543585824739437,0.6982813494589434,0.43691420331651043,0.8100820555412002,77,0.0,2026-03-21,2026-03-20,1
11000,0.6173759160693645,0.654550423613009,0.35615978516280633,0.775452365380423,18,0.0,2026-03-21,2026-03-20,1
11500,0.4465540006666681,0.47054963938190353,0.245859872611465,0.6008744534665834,71,0.0,2026-03-21,2026-03-20,1
12000,0.5784238051765689,0.5936920222634509,0.2868304806341259,0.7827229705728975,175,0.0,2026-03-21,2026-03-20,1
12500,0.49545469173370804,0.48943473350556055,0.19601742377100184,0.8588557656338771,136,0.0,2026-03-21,2026-03-20,1
13000,0.5008439177940418,0.5258694758806775,0.2414702624733494,0.7091926496738722,277,0.0,2026-03-21,2026-03-20,1
13500,0.5421796368526134,0.6075152657887448,0.19524336283185842,0.7913446676970634,65,0.0,2026-03-21,2026-03-20,1
14000,0.44020956606971007,0.44326444602803566,0.1685665722004898,0.720998483577841,249,0.0,2026-03-21,2026-03-20,1
14500,0.3614741462056531,0.3115696004178637,0.20908845009467136,0.5939372576665491,4,0.0,2026-03-21,2026-03-20,1
15000,0.5727636289635049,0.6227497945757192,0.29516577747332035,0.7909411505994408,265,0.0,2026-03-21,2026-03-20,1
15500,0.38150789170692656,0.39167189951210457,0.08844949309994292,0.699713347554383,57,0.0,2026-03-21,2026-03-20,1
16000,0.34137479982023816,0.3409017191047681,0.13482142857142856,0.5159842961301178,2,0.6667,2026-03-21,2026-03-20,1
16500,0.1121910957586418,0.1123478482449195,0.07347819900438768,0.15735903526919195,125,0.2331,2026-03-21,2026-03-20,1
17000,0.3326570987245168,0.3185493201940472,0.15483470090793405,0.5492946786650443,39,0.0,2026-03-21,2026-03-20,1
17500,0.4757571394365103,0.5609794925020442,0.12017971815002058,0.7367988874885989,168,0.0,2026-03-21,2026-03-20,1
18000,0.48936055276632956,0.5326072161738167,0.19011296310479348,0.6959247648902821,283,0.0,2026-03-21,2026-03-20,1
18500,0.5025334260260567,0.5440613054678592,0.2380952380952381,0.6968926567509209,62,0.0,2026-03-21,2026-03-20,1
19000,0.5290001001460075,0.5555789739749125,0.15052144898306624,0.8106178619167841,488,0.0,2026-03-21,2026-03-20,1
19500,0.5950391144836845,0.6106259690526963,0.3220236871755019,0.8262813582826085,312,0.0,2026-03-21,2026-03-20,1
20000,0.5140037342126547,0.537258270487111,0.2156219629481927,0.7786035952417318,400,0.0,2026-03-21,2026-03-20,1
20500,0.5377759745297328,0.5962329284133284,0.2011730670036313,0.7738667980992476,77,0.0,2026-03-21,2026-03-20,1
21000,0.3764812622980658,0.4068747433677891,0.1453146220009054,0.5524797157141043,80,0.0,2026-03-21,2026-03-20,1
21500,0.3538525012151145,0.3256701002030504,0.13458242083511152,0.6388940028828535,146,0.0,2026-03-21,2026-03-20,1
22000,0.4016797835360762,0.3927130828212128,0.16987356796532144,0.6826077615534011,297,0.0,2026-03-21,2026-03-20,1
22500,0.4225074699611716,0.44766424030926766,0.22592238257158992,0.6430697942318518,90,0.0,2026-03-21,2026-03-20,1
23000,0.4387881969152893,0.41547606217524674,0.16960635375049346,0.7668135095447871,194,0.251,2026-03-21,2026-03-20,1
23500,0.753743679060171,0.7453646477132262,0.6321090047393365,0.8342757720748152,1,0.9978,2026-03-21,2026-03-20,1
24000,,,,,0,1.0,2026-03-21,2026-03-20,1
24500,,,,,0,1.0,2026-03-21,2026-03-20,1
25000,,,,,0,1.0,2026-03-21,2026-03-20,1
25500,,,,,0,1.0,2026-03-21,2026-03-20,1
26000,,,,,0,1.0,2026-03-21,2026-03-20,1
26500,,,,,0,1.0,2026-03-21,2026-03-20,1
27000,,,,,0,1.0,2026-03-21,2026-03-20,1
27500,,,,,0,1.0,2026-03-21,2026-03-20,1
28000,,,,,0,1.0,2026-03-21,2026-03-20,1
28500,,,,,0,1.0,2026-03-21,2026-03-20,1
0,,,,,0,1.0,2025-03-31,2025-03-28,3
500,,,,,0,1.0,2025-03-31,2025-03-28,3
1000,,,,,0,1.0,2025-03-31,2025-03-28,3
1500,,,,,0,1.0,2025-03-31,2025-03-28,3
2000,,,,,0,1.0,2025-03-31,2025-03-28,3
3500,,,,,0,1.0,2025-03-31,2025-03-28,3
4000,,,,,0,1.0,2025-03-31,2025-03-28,3
4500,,,,,0,1.0,2025-03-31,2025-03-28,3
5000,,,,,0,1.0,2025-03-31,2025-03-28,3
5500,,,,,0,1.0,2025-03-31,2025-03-28,3
6000,,,,,0,1.0,2025-03-31,2025-03-28,3
6500,,,,,0,1.0,2025-03-31,2025-03-28,3
7000,,,,,0,1.0,2025-03-31,2025-03-28,3
8500,,,,,0,1.0,2025-03-31,2025-03-28,3
9000,,,,,0,1.0,2025-03-31,2025-03-28,3
9500,,,,,0,1.0,2025-03-31,2025-03-28,3
10000,,,,,0,1.0,2025-03-31,2025-03-28,3
10500,,,,,0,1.0,2025-03-31,2025-03-28,3
11000,,,,,0,1.0,2025-03-31,2025-03-28,3
11500,,,,,0,1.0,2025-03-31,2025-03-28,3
12000,,,,,0,1.0,2025-03-31,2025-03-28,3
12500,,,,,0,1.0,2025-03-31,2025-03-28,3
13000,,,,,0,1.0,2025-03-31,2025-03-28,3
13500,,,,,0,1.0,2025-03-31,2025-03-28,3
14000,0.30589687828857987,0.2838337174792181,0.12235157850237056,0.5573597566398601,163,0.3454,2025-03-31,2025-03-28,3
14500,0.24624756331090505,0.1868047564250096,0.09894736842105263,0.5026308501800055,4,0.0,2025-03-31,2025-03-28,3
15000,0.49641357953917553,0.5263270886591291,0.2239884979689147,0.7286161488916303,264,0.0,2025-03-31,2025-03-28,3
15500,0.34534607861145084,0.3518248175182482,0.03252990658794822,0.6848496528585211,57,0.0,2025-03-31,2025-03-28,3
16000,0.2650285488963914,0.283373997908679,0.09048099562731247,0.45047287207565956,6,0.0,2025-03-31,2025-03-28,3
16500,0.059626416102652194,0.059376825183632624,-0.003297627764624739,0.12206292429200392,163,0.0,2025-03-31,2025-03-28,3
17000,0.3006555861754679,0.27941906207965034,0.10143042912873862,0.5119089070330625,39,0.0,2025-03-31,2025-03-28,3
17500,0.41700044977759654,0.502082525181654,0.0720988533394292,0.6717948717948717,168,0.0,2025-03-31,2025-03-28,3
18000,0.44192723642749665,0.48253067194693344,0.17812040625195524,0.6272457982110724,283,0.0,2025-03-31,2025-03-28,3
18500,0.5045116947340619,0.5795215294628483,0.2259510518888833,0.6728525044353134,62,0.0,2025-03-31,2025-03-28,3
19000,0.4718923224838622,0.517213118681327,0.11166762899228883,0.7318725492765764,488,0.0,2025-03-31,2025-03-28,3
19500,0.5661588117864101,0.5800771171076454,0.33843323084446997,0.7765848460774223,312,0.0,2025-03-31,2025-03-28,3
20000,0.46636713803345564,0.5041044676615686,0.18991983953884817,0.6833210945663686,397,0.0075,2025-03-31,2025-03-28,3
20500,0.40680788419952346,0.4132915675555332,0.16975624904559866,0.6243540777353404,74,0.039,2025-03-31,2025-03-28,3
21000,0.375590506954024,0.4046198386607184,0.13476377699267095,0.5762788142144946,80,0.0,2025-03-31,2025-03-28,3
21500,0.38616365664430874,0.3791706530909491,0.16662514701828582,0.6377626422245742,146,0.0,2025-03-31,2025-03-28,3
22000,0.4292224392875728,0.42033188781995984,0.20608067533918287,0.650787731970705,297,0.0,2025-03-31,2025-03-28,3
22500,0.36004991810684117,0.3614955553610558,0.17340103235097623,0.5565292020710192,90,0.0,2025-03-31,2025-03-28,3
23000,0.4318629242279613,0.41587506751490827,0.1964177176296837,0.7042351072358736,259,0.0,2025-03-31,2025-03-28,3
23500,0.5465011855323335,0.5681106103774088,0.2677801568178405,0.7746870473883768,449,0.0,2025-03-31,2025-03-28,3
24000,0.48132238300886626,0.49421941075083586,0.2912459997086877,0.6537597821192146,549,0.0,2025-03-31,2025-03-28,3
24500,0.5117995876270457,0.5494463535700649,0.1924488725747247,0.791911671625804,195,0.0,2025-03-31,2025-03-28,3
25000,0.3396700809435166,0.31471637805524316,0.15087585385915722,0.5668981429374502,80,0.0,2025-03-31,2025-03-28,3
25500,0.579700288696444,0.6114198209228943,0.32181425485961124,0.7562408326109841,58,0.0,2025-03-31,2025-03-28,3
26000,0.5227128751634961,0.5450576344587633,0.30025122332768434,0.6889623753461658,124,0.0,2025-03-31,2025-03-28,3
26500,0.4548454294924165,0.47881337865140117,0.2586867247674872,0.6505529890428043,240,0.0,2025-03-31,2025-03-28,3
27000,0.5835616656084706,0.6305964274371177,0.3374842146060759,0.7364444845817104,223,0.0,2025-03-31,2025-03-28,3
27500,0.5320030848404161,0.5520257821941721,0.31798342884974207,0.6897015809005608,60,0.0,2025-03-31,2025-03-28,3
28000,0.40273920123186885,0.36911281489594744,0.2658427557191691,0.5967607973421927,8,0.0,2025-03-31,2025-03-28,3
28500,0.43206906053973654,0.43602532919761156,0.20792688328086945,0.6780355570416149,142,0.1013,2025-03-31,2025-03-28,3
