km_marco_m,de,ate,ndvi_antes,ndvi_depois,queda
0,2026-03-21,2026-03-26,0.5367,0.3537,0.183
500,2019-02-01,2019-02-11,0.5138,0.3434,0.1704
500,2022-05-11,2022-05-21,0.5604,0.4072,0.1532
500,2023-02-10,2023-02-15,0.5942,0.3759,0.2183
500,2024-05-05,2024-05-10,0.5522,0.3931,0.1591
500,2024-08-03,2024-08-08,0.5175,0.3456,0.1719
500,2026-03-21,2026-03-26,0.6309,0.4354,0.1955
1000,2022-05-01,2022-05-06,0.5183,0.3271,0.1912
1000,2023-02-10,2023-02-15,0.5323,0.3638,0.1685
1500,2023-04-01,2023-04-11,0.5257,0.3453,0.1804
2000,2019-04-02,2019-04-07,0.5763,0.2861,0.2902
2000,2021-06-05,2021-06-15,0.5213,0.2523,0.269
2000,2021-11-27,2021-12-07,0.4956,-0.0069,0.5025
2000,2023-02-10,2023-02-15,0.5103,0.3428,0.1675
2000,2025-05-20,2025-05-22,0.5436,0.3498,0.1938
3500,2019-04-02,2019-04-12,0.6518,0.4462,0.2056
3500,2019-05-27,2019-06-06,0.5227,0.3688,0.1539
3500,2019-07-31,2019-08-05,0.4772,0.2383,0.2389
3500,2022-05-21,2022-05-26,0.4871,0.3251,0.162
3500,2023-04-01,2023-04-06,0.509,0.3258,0.1832
3500,2025-06-29,2025-07-09,0.4602,0.2763,0.1839
3500,2025-11-01,2025-11-11,0.5024,0.3341,0.1683
4000,2025-05-20,2025-05-22,0.4709,0.2998,0.1711
4500,2025-05-20,2025-05-22,0.5049,0.319,0.1859
5000,2019-07-31,2019-08-05,0.4638,0.2746,0.1892
5000,2021-06-05,2021-06-15,0.4874,0.334,0.1534
5000,2025-05-20,2025-05-22,0.5066,0.3564,0.1502
5500,2019-07-31,2019-08-05,0.5106,0.2803,0.2303
5500,2021-06-05,2021-06-15,0.502,0.2822,0.2198
5500,2023-07-25,2023-07-30,0.4664,0.2898,0.1766
5500,2023-08-04,2023-08-09,0.4516,0.2288,0.2228
5500,2025-01-20,2025-01-25,0.5563,0.3998,0.1565
5500,2025-05-20,2025-05-22,0.5528,0.3924,0.1604
6500,2020-05-01,2020-05-06,0.4624,0.2609,0.2015
7000,2019-11-03,2019-11-13,0.6091,0.368,0.2411
7000,2020-05-01,2020-05-06,0.7175,0.4099,0.3076
7000,2021-01-21,2021-01-31,0.6578,0.467,0.1908
7000,2021-06-20,2021-06-25,0.6343,0.4742,0.1601
7000,2021-12-12,2021-12-22,0.5927,0.3305,0.2622
7000,2022-06-05,2022-06-15,0.7077,0.4203,0.2874
7000,2023-04-01,2023-04-06,0.7979,0.5135,0.2844
7000,2024-05-10,2024-05-20,0.732,0.565,0.167
7000,2024-08-28,2024-09-02,0.5847,0.2974,0.2873
7000,2025-06-04,2025-06-11,0.736,0.5386,0.1974
8500,2019-02-11,2019-02-21,0.5333,0.2567,0.2766
8500,2019-06-11,2019-06-16,0.6541,0.4287,0.2254
8500,2019-10-14,2019-10-24,0.4909,0.3307,0.1602
8500,2020-03-17,2020-03-22,0.6969,0.3268,0.3701
8500,2020-04-06,2020-04-11,0.467,0.1552,0.3118
8500,2021-11-27,2021-12-07,0.5525,-0.0226,0.5751
8500,2023-06-25,2023-06-30,0.591,0.4405,0.1505
8500,2023-12-07,2023-12-17,0.6456,0.4905,0.1551
8500,2025-07-29,2025-08-03,0.5563,0.3481,0.2082
8500,2025-11-11,2025-11-21,0.5608,0.3025,0.2583
8500,2026-04-05,2026-04-17,0.6668,0.4201,0.2467
9000,2019-04-02,2019-04-07,0.5602,0.362,0.1982
9000,2019-05-27,2019-06-06,0.5802,0.3825,0.1977
9500,2019-05-27,2019-06-06,0.5955,0.4009,0.1946
10000,2019-04-02,2019-04-07,0.5528,0.3537,0.1991
10000,2019-05-27,2019-06-06,0.5766,0.3884,0.1882
10000,2023-07-25,2023-07-30,0.4863,0.247,0.2393
10000,2025-03-21,2025-03-31,0.5731,0.2755,0.2976
10500,2019-01-07,2019-01-12,0.6412,0.4862,0.155
10500,2019-03-23,2019-04-02,0.6935,0.4713,0.2222
10500,2020-03-27,2020-04-01,0.5937,0.3406,0.2531
10500,2021-02-15,2021-02-20,0.6265,0.4509,0.1756
10500,2023-02-20,2023-03-02,0.6743,0.3872,0.2871
10500,2023-05-21,2023-05-26,0.6548,0.5032,0.1516
10500,2023-12-02,2023-12-07,0.6424,0.4861,0.1563
10500,2024-05-20,2024-05-30,0.5809,0.381,0.1999
10500,2025-03-21,2025-03-31,0.6385,0.4364,0.2021
11000,2019-05-27,2019-06-06,0.6233,0.4564,0.1669
11000,2019-09-09,2019-09-14,0.521,0.3255,0.1955
11000,2020-10-28,2020-11-07,0.5491,0.3627,0.1864
11000,2021-11-27,2021-12-02,0.5341,0.1883,0.3458
11000,2022-01-16,2022-01-21,0.6573,0.4971,0.1602
11000,2022-04-06,2022-04-11,0.6189,0.285,0.3339
11000,2022-07-05,2022-07-15,0.5873,0.3033,0.284
11000,2023-02-20,2023-03-02,0.6864,0.5122,0.1742
11000,2023-05-21,2023-05-26,0.6674,0.4052,0.2622
11000,2023-09-08,2023-09-13,0.5774,0.3608,0.2166
11000,2023-12-17,2023-12-22,0.6362,0.2897,0.3465
11000,2024-03-16,2024-03-21,0.6111,0.3923,0.2188
11000,2025-03-21,2025-03-31,0.6713,0.4238,0.2475
11000,2025-05-05,2025-05-15,0.6325,0.4447,0.1878
11000,2025-11-26,2025-12-01,0.5608,0.3657,0.1951
11000,2026-07-06,2026-07-09,0.5728,0.368,0.2048
11500,2021-11-27,2021-12-02,0.5268,0.1753,0.3515
11500,2021-12-12,2021-12-22,0.501,0.3429,0.1581
11500,2022-01-16,2022-01-21,0.665,0.4742,0.1908
11500,2023-07-05,2023-07-15,0.5136,0.3501,0.1635
11500,2024-06-09,2024-06-14,0.5453,0.3449,0.2004
12000,2019-01-07,2019-01-12,0.6074,0.4321,0.1753
12000,2019-03-13,2019-03-18,0.6473,0.3617,0.2856
12000,2020-10-13,2020-10-18,0.4624,0.2287,0.2337
12000,2020-10-28,2020-11-07,0.529,0.3772,0.1518
12000,2021-06-20,2021-06-25,0.4544,0.2662,0.1882
12000,2021-11-27,2021-12-02,0.5446,0.1984,0.3462
12000,2022-01-16,2022-01-21,0.6814,0.4164,0.265
12000,2022-05-01,2022-05-11,0.6033,0.3926,0.2107
12000,2023-02-20,2023-03-02,0.6548,0.4979,0.1569
12000,2023-04-21,2023-05-01,0.623,0.4071,0.2159
12000,2024-10-12,2024-10-17,0.4861,0.3186,0.1675
12000,2025-05-05,2025-05-15,0.679,0.447,0.232
12500,2019-04-02,2019-04-12,0.6749,0.5214,0.1535
12500,2020-10-13,2020-10-18,0.4616,0.2592,0.2024
12500,2021-09-03,2021-09-08,0.4749,0.311,0.1639
12500,2021-11-27,2021-12-02,0.5934,0.3295,0.2639
12500,2023-05-21,2023-05-26,0.6397,0.4128,0.2269
12500,2023-07-05,2023-07-15,0.4986,0.3338,0.1648
12500,2024-04-10,2024-04-20,0.6463,0.4904,0.1559
12500,2024-05-05,2024-05-10,0.6436,0.4444,0.1992
12500,2024-10-12,2024-10-22,0.5337,0.2754,0.2583
12500,2025-03-21,2025-03-31,0.5408,0.3033,0.2375
13000,2023-05-16,2023-05-21,0.5171,0.3262,0.1909
13000,2025-02-09,2025-02-14,0.5109,0.3546,0.1563
13000,2025-03-21,2025-03-31,0.5064,0.2598,0.2466
13000,2025-06-29,2025-07-09,0.4502,0.1818,0.2684
13500,2019-04-12,2019-04-22,0.5875,0.3968,0.1907
13500,2020-03-22,2020-04-01,0.5965,0.3964,0.2001
13500,2021-11-27,2021-12-02,0.5524,0.3877,0.1647
13500,2024-07-14,2024-07-19,0.6112,0.4436,0.1676
13500,2025-03-21,2025-03-31,0.6069,0.2769,0.33
13500,2025-05-30,2025-06-04,0.58,0.4215,0.1585
13500,2025-06-29,2025-07-09,0.4766,0.2593,0.2173
13500,2026-07-29,2026-08-08,0.4664,0.3024,0.164
14000,2023-05-16,2023-05-21,0.486,0.33,0.156
14500,2021-03-07,2021-03-12,0.6059,0.2408,0.3651
15000,2023-05-21,2023-05-26,0.4712,0.3067,0.1645
17000,2019-04-02,2019-04-07,0.4731,0.2488,0.2243
17000,2020-03-17,2020-03-22,0.4705,0.2711,0.1994
17000,2022-11-27,2022-12-02,0.4678,0.2945,0.1733
17000,2023-12-02,2023-12-07,0.4503,0.2902,0.1601
17000,2024-05-05,2024-05-10,0.451,0.2894,0.1616
17500,2022-11-27,2022-12-02,0.5215,0.2372,0.2843
17500,2024-03-31,2024-04-05,0.4741,0.28,0.1941
17500,2024-12-31,2025-01-05,0.5173,0.319,0.1983
18000,2019-01-07,2019-01-12,0.5414,0.3507,0.1907
18500,2025-10-22,2025-10-29,0.4642,0.2683,0.1959
18500,2026-04-20,2026-04-25,0.4908,0.266,0.2248
19500,2024-11-26,2024-12-01,0.477,0.2913,0.1857
20500,2021-04-11,2021-04-16,0.452,0.139,0.313
20500,2023-06-20,2023-06-25,0.5461,0.3415,0.2046
20500,2026-06-19,2026-06-29,0.5803,0.2947,0.2856
21500,2024-03-16,2024-03-26,0.4599,0.2548,0.2051
22000,2024-03-16,2024-03-26,0.4862,0.3112,0.175
23500,2019-02-01,2019-02-11,0.5762,0.357,0.2192
23500,2019-03-23,2019-04-02,0.5918,0.4079,0.1839
23500,2020-04-06,2020-04-11,0.5945,0.3299,0.2646
23500,2020-08-09,2020-08-14,0.4633,0.091,0.3723
23500,2022-03-07,2022-03-17,0.5844,0.3338,0.2506
23500,2023-02-10,2023-02-20,0.6269,0.2239,0.403
23500,2023-05-26,2023-06-05,0.6011,0.4401,0.161
23500,2023-11-07,2023-11-12,0.611,0.4555,0.1555
23500,2025-06-19,2025-06-29,0.4857,0.2755,0.2102
24500,2020-04-26,2020-05-01,0.4873,0.3075,0.1798
24500,2020-08-09,2020-08-14,0.4515,0.1428,0.3087
24500,2021-12-02,2021-12-12,0.466,0.2993,0.1667
25500,2019-03-23,2019-04-02,0.6614,0.4947,0.1667
25500,2019-04-27,2019-05-02,0.6417,0.4736,0.1681
25500,2020-09-08,2020-09-13,0.4783,0.3269,0.1514
25500,2020-11-22,2020-11-27,0.6541,0.4935,0.1606
25500,2021-12-02,2021-12-12,0.5528,0.3143,0.2385
25500,2022-05-01,2022-05-11,0.5916,0.3168,0.2748
25500,2023-02-10,2023-02-20,0.6324,0.208,0.4244
25500,2026-07-29,2026-08-08,0.5099,0.3327,0.1772
26000,2019-02-11,2019-02-21,0.5959,0.4351,0.1608
26000,2021-12-02,2021-12-12,0.5242,0.2808,0.2434
26000,2022-05-01,2022-05-11,0.5994,0.4267,0.1727
26500,2021-12-02,2021-12-12,0.4566,0.2978,0.1588
26500,2024-04-30,2024-05-05,0.4981,0.3458,0.1523
27000,2024-05-05,2024-05-10,0.572,0.4047,0.1673
27500,2019-03-28,2019-04-02,0.9809,0.5523,0.4286
27500,2026-01-10,2026-01-15,0.63,0.3054,0.3246
27500,2026-07-09,2026-07-19,0.5403,0.3783,0.162
28000,2019-02-01,2019-02-11,0.4767,0.3196,0.1571
28000,2020-03-17,2020-03-22,0.4539,0.2821,0.1718
28000,2024-05-05,2024-05-10,0.5043,0.2866,0.2177
28000,2026-04-05,2026-04-17,0.5256,0.3459,0.1797
28500,2019-01-07,2019-01-17,0.6085,0.3815,0.227
28500,2019-05-27,2019-06-06,0.6517,0.4279,0.2238
28500,2019-07-31,2019-08-05,0.5211,0.3179,0.2032
28500,2019-10-14,2019-10-19,0.4746,0.2985,0.1761
28500,2021-02-20,2021-03-02,0.5328,0.2888,0.244
28500,2022-06-05,2022-06-10,0.5064,0.2364,0.27
28500,2023-08-04,2023-08-09,0.4941,0.2626,0.2315
28500,2025-06-19,2025-06-29,0.5806,0.3996,0.181
28500,2026-03-21,2026-03-26,0.6239,0.4707,0.1532
28500,2026-07-19,2026-07-26,0.5816,0.4284,0.1532
28500,2026-09-02,2026-09-04,0.599,0.4429,0.1561
