indice,metodo,km_descricao,km_marco_m,distancia_eixo_m,area_m2,latitude,longitude
0,"Spider, Giro-Zero ou Trator com trincheira",0,0,460.9,33.3059936967473,-23.41766405782872,-46.732540934292
1,"Spider, Giro-Zero ou Trator com trincheira",0,0,425.8,285.951516502876,-23.41754987008568,-46.7328619204985
2,"Spider, Giro-Zero ou Trator com trincheira",0,0,36.5,7541.07582762796,-23.41785492639379,-46.7403656002461
3,Apenas manual,0,0,560.7,1272.69706507881,-23.41847351187127,-46.7318582088167
4,Apenas manual,0,0,547.7,351.156489069582,-23.41790326126866,-46.731730544087
5,Apenas manual,0,0,366.0,1682.69288211883,-23.41745145497434,-46.733448766443
6,Apenas manual,0,0,452.5,607.268425188088,-23.41802459825758,-46.7327994999216
7,Apenas manual,0,0,43.8,224.339629730104,-23.41816659659105,-46.7410537661139
8,"Spider, Giro-Zero ou Trator com trincheira",0,0,8.1,7977.98155663886,-23.41832370676403,-46.740359104549
9,"Spider, Giro-Zero ou Trator com trincheira",0,0,125.8,19336.9166657098,-23.41858370867422,-46.738612609614
10,"Spider, com ancoragem",0,0,406.2,72.6437527743864,-23.41744102087296,-46.7330226609005
11,"Spider, Giro-Zero ou Trator com trincheira",0,500,30.2,123.266874310646,-23.41840850171336,-46.7412271419334
12,"Spider, Giro-Zero ou Trator com trincheira",0,500,77.6,3322.49556138432,-23.42001403154212,-46.74204364724
13,"Spider, Giro-Zero ou Trator com trincheira",0,0,640.4,3616.2430243773,-23.41888932649032,-46.7312120750521
14,Apenas manual,0,0,493.2,1037.5827371355,-23.41816388225726,-46.7324301115341
15,Apenas manual,0,0,460.8,352.305467776066,-23.41840185901935,-46.732933933731
16,Apenas manual,0,0,18.6,2708.28172178816,-23.41653312194316,-46.7376944921557
17,Apenas manual,0,0,930.2,169.998657085958,-23.40800526011189,-46.7347420016195
18,Apenas manual,0,0,910.4,191.504381319222,-23.40812974936156,-46.7350376133869
19,Apenas manual,0,0,348.5,1047.63687832663,-23.41358797598074,-46.734869018486
20,Apenas manual,0,0,397.5,863.453963775164,-23.41308354407442,-46.7348419985227
21,Apenas manual,0,0,370.8,334.353436069262,-23.41497359783483,-46.7333923233689
22,Apenas manual,0,0,168.3,954.741203261887,-23.41507575114647,-46.7356658536652
23,Apenas manual,0,0,361.3,437.360841246375,-23.41510516213973,-46.7334388179194
24,Apenas manual,0,0,359.9,436.122954207938,-23.41520639913687,-46.7334159343041
25,Apenas manual,0,0,189.0,1037.65053339674,-23.41617292418262,-46.7349181520326
26,Apenas manual,0,0,31.7,453.108301349059,-23.41825405089498,-46.740982473597
27,Apenas manual,0,0,616.0,976.237599816242,-23.41102943934321,-46.7345405050959
28,Apenas manual,0,0,218.3,409.802049714442,-23.41843519173661,-46.7366160194399
29,Apenas manual,0,0,651.0,358.194042218636,-23.41874358084682,-46.7310176220128
30,Apenas manual,0,0,336.6,278.959790611979,-23.41686012398896,-46.7335501227578
31,Apenas manual,0,0,101.7,712.755814560507,-23.41895387302962,-46.7397177903147
32,Apenas manual,0,0,115.3,408.288805525329,-23.41900698706045,-46.7395561008317
33,Apenas manual,0,0,75.9,441.9511407203,-23.41900088238979,-46.7402840628683
34,Apenas manual,0,0,790.9,1064.78300093106,-23.41978513829837,-46.7300640863579
35,Apenas manual,0,0,87.8,4913.3701263177,-23.41832090352265,-46.7388592831694
36,Apenas manual,0,500,89.0,347.796956063453,-23.42039307034783,-46.7425001373629
37,Apenas manual,0,500,90.1,269.258633661013,-23.4201558539115,-46.7420596825445
38,Apenas manual,0,0,87.9,3747.16740379135,-23.41672533956542,-46.7393333827226
39,"Spider, Giro-Zero ou Trator com trincheira",0,0,395.4,36.9999999872234,-23.41301586208913,-46.7350212306831
40,Apenas manual,0,0,192.6,170.646993196875,-23.41784882400231,-46.7360615002731
41,Apenas manual,0,0,381.8,1024.24497713112,-23.41674114268913,-46.7330759399633
42,"Spider, Giro-Zero ou Trator com trincheira",0,0,317.0,4785.20785788049,-23.41438209461466,-46.7343741475129
43,Apenas manual,0,0,918.6,470.748252022883,-23.42098427221518,-46.7294114614872
44,"Spider, com ancoragem",1,1500,31.0,42.4672703477841,-23.42473254308073,-46.7505715585138
45,"Spider, Giro-Zero ou Trator com trincheira",1,1000,10.7,1706.18717610254,-23.421290145375,-46.7453403396483
46,Apenas manual,1,1500,72.0,134.070336078829,-23.4245912221656,-46.7496198046155
47,"Spider, com ancoragem",1,1500,25.2,41.6222074616581,-23.42469463605759,-46.7506134008146
48,Apenas manual,1,1000,16.4,442.803552067672,-23.42136273833849,-46.7453583848996
49,"Spider, Giro-Zero ou Trator com trincheira",1,1000,19.2,246.96472513794,-23.4213453159077,-46.7452803884308
50,Apenas manual,1,1500,23.8,2802.4781736503,-23.42432766173971,-46.7500410471965
51,Apenas manual,1,1000,30.7,305.601577224679,-23.4235403481065,-46.7486416996238
52,Apenas manual,1,1000,4.8,508.066585429286,-23.42134661826873,-46.7455372964729
53,Apenas manual,1,1500,56.1,355.656075377992,-23.42449016932618,-46.7497361755284
54,"Spider, Giro-Zero ou Trator com trincheira",1,1500,58.8,8395.06666780885,-23.4249479987168,-46.7504320521849
55,"Spider, Giro-Zero ou Trator com trincheira",1,1000,79.9,6653.34180252088,-23.42227274571092,-46.7485352072854
56,Apenas manual,1,1500,28.7,702.364567207857,-23.42391900632473,-46.7492923658156
57,"Spider, Giro-Zero ou Trator com trincheira",1,1500,74.9,17761.108392623,-23.42502930114548,-46.7502799095829
58,Apenas manual,2,2000,59.2,270.416953789666,-23.42988398578918,-46.7545466441599
59,"Spider, Giro-Zero ou Trator com trincheira",2,2000,48.2,2561.4536369038,-23.42987645912396,-46.7546754170814
60,Apenas manual,2,1500,86.6,2314.67575169487,-23.42534926017002,-46.7505249600521
61,Apenas manual,2,2000,100.2,235.72517954565,-23.43001963834205,-46.7541548053674
62,Apenas manual,2,2000,122.3,216.77821159557,-23.43011230888553,-46.7539605748445
63,Apenas manual,2,2000,65.2,173.140091292147,-23.43019065838554,-46.7547231926419
64,"Spider, Giro-Zero ou Trator com trincheira",2,2000,27.3,10392.8444884911,-23.42696714521616,-46.752566867111
65,"Spider, Giro-Zero ou Trator com trincheira",2,2000,124.9,2199.24936912812,-23.42863349240429,-46.7527260768214
66,Apenas manual,2,2000,89.6,233.703280070057,-23.43000766099354,-46.754274800042
67,"Spider, Giro-Zero ou Trator com trincheira",4,4500,22.4,33.6844886259741,-23.44099018404357,-46.77261036812
68,"Spider, Giro-Zero ou Trator com trincheira",4,4000,38.9,3049.45974037971,-23.43851705418095,-46.7673427463361
69,"Spider, Giro-Zero ou Trator com trincheira",4,4000,31.3,864.677387159362,-23.43846533753868,-46.7673929585148
70,"Spider, Giro-Zero ou Trator com trincheira",4,4000,17.4,117.16962630712,-23.43811634246875,-46.76768577265
71,"Spider, Giro-Zero ou Trator com trincheira",4,4000,25.0,3584.628857221,-23.43810780323306,-46.7678095487548
72,"Spider, Giro-Zero ou Trator com trincheira",4,4500,25.5,694.967668527754,-23.44108130565466,-46.7728198894231
73,Apenas manual,4,4500,67.0,252.390968017518,-23.44135301982542,-46.7716028520776
74,Apenas manual,4,4500,47.9,49.8546833432398,-23.44066617580974,-46.772527384363
75,"Spider, Giro-Zero ou Trator com trincheira",4,4000,25.3,4140.35538051431,-23.44003784187008,-46.7710600957419
76,Apenas manual,4,4500,87.8,297.336711864796,-23.44184551844494,-46.7720556275684
77,Apenas manual,4,4500,48.1,499.600826975101,-23.44183444049126,-46.7727554496415
78,Apenas manual,4,4500,92.8,558.712815874692,-23.44166459447592,-46.7716599386453
79,Apenas manual,4,4500,111.7,213.873086067258,-23.44155766213099,-46.7711382063187
80,"Spider, Giro-Zero ou Trator com trincheira",4,4000,40.3,26.699462173746,-23.43954933654959,-46.7705115267742
81,"Spider, Giro-Zero ou Trator com trincheira",4,4000,33.7,30.7732471384792,-23.43979747204076,-46.7708093365698
82,Apenas manual,4,4000,86.7,274.004977026736,-23.44056376318258,-46.7699199294026
83,"Spider, Giro-Zero ou Trator com trincheira",4,4000,68.2,1635.44844814378,-23.44047138464342,-46.7700979869164
84,"Spider, Giro-Zero ou Trator com trincheira",4,4000,8.7,10855.2738318194,-23.43897007476535,-46.7686498434554
85,"Spider, Giro-Zero ou Trator com trincheira",4,4000,40.7,20.0846100102694,-23.43939104597792,-46.7702513641328
86,Apenas manual,4,4000,43.7,857.371116696132,-23.43807644958339,-46.7680957942007
87,Apenas manual,4,4000,31.2,1176.12073112055,-23.43807270003679,-46.7678631807188
88,Apenas manual,4,3500,33.2,977.089408506646,-23.43811099738706,-46.7667628578196
89,Apenas manual,4,4000,45.5,114.266076413468,-23.43884790442177,-46.767778267523
90,Apenas manual,4,4000,34.1,924.499313628287,-23.43943118557547,-46.7701996255718
91,Apenas manual,4,4000,57.3,316.880473018572,-23.43977318445004,-46.7691223908757
92,Apenas manual,4,4500,79.5,181.311827489208,-23.4400280599773,-46.7720246931331
93,Apenas manual,4,4500,63.5,349.175760248789,-23.44021402976407,-46.7720489227413
94,"Spider, Giro-Zero ou Trator com trincheira",4,4500,49.0,2602.67046463379,-23.44183165185208,-46.7727336234902
95,Apenas manual,4,4000,38.6,806.33339888632,-23.44043906684072,-46.7705790917105
96,Apenas manual,4,4500,28.2,678.016113361851,-23.44049281233865,-46.7718794917853
97,"Spider, Giro-Zero ou Trator com trincheira",4,4000,59.6,9988.47977698169,-23.44076609814721,-46.7707505278598
98,Apenas manual,4,4000,56.3,485.249813036118,-23.43775300355309,-46.7677783975084
99,Apenas manual,4,4500,25.0,152.826274486642,-23.44106719889841,-46.7727875655702
100,Apenas manual,4,4000,19.9,1003.26190863401,-23.43774942015703,-46.7671143418976
101,Apenas manual,4,4500,48.1,379.350040995261,-23.44033041391884,-46.7719648821787
102,Apenas manual,5,5500,48.3,306.224422635668,-23.44607050420349,-46.7787080245436
103,Apenas manual,5,5000,65.2,1242.63598727586,-23.4445558854334,-46.7784048054527
104,Trator com braço articulado,5,5000,31.9,3305.6128996894,-23.44310286451131,-46.7758374197546
105,"Spider, Giro-Zero ou Trator com trincheira",5,5500,44.1,118.000000059546,-23.4456170087977,-46.7795519126052
106,"Spider, Giro-Zero ou Trator com trincheira",5,5500,8.9,14490.6013611873,-23.44607166649881,-46.7796245340969
107,"Spider, Giro-Zero ou Trator com trincheira",5,5500,56.2,1645.39831216263,-23.44606858687679,-46.78037756388
108,Apenas manual,5,5500,94.2,321.044753813111,-23.44559360270301,-46.780321366639
109,Apenas manual,5,5500,77.8,487.852737480461,-23.44551433164338,-46.7799476413416
110,Apenas manual,5,5500,30.0,721.514510847888,-23.44714024009069,-46.7814185401239
111,Apenas manual,5,5500,69.4,281.54071206275,-23.44684990550903,-46.7816455118838
112,Apenas manual,5,5000,83.0,475.421946576644,-23.44431591936703,-46.7783540691484
113,Apenas manual,5,5000,100.5,380.516494378339,-23.44418378541503,-46.7784493870438
114,Apenas manual,5,5000,116.9,167.53648807925,-23.44414536996409,-46.7786580301134
115,Apenas manual,5,5000,29.8,3305.61250240185,-23.44311760121961,-46.7758254120661
116,Apenas manual,5,5500,58.3,614.388085334926,-23.44691685701583,-46.781563307223
117,Apenas manual,5,4500,42.1,1127.61333531602,-23.44193755772118,-46.7743708385311
118,Apenas manual,5,4500,51.0,671.614129363475,-23.44196325280407,-46.7745487186095
119,"Spider, Giro-Zero ou Trator com trincheira",5,4500,37.3,54.5825112625444,-23.44188966785925,-46.7742262946899
120,Apenas manual,5,5500,63.3,136.688035545631,-23.44781356763691,-46.7808648573435
121,Apenas manual,5,5500,66.3,107.623622507273,-23.44656786087,-46.7812384820417
122,Apenas manual,5,5500,78.8,210.043847479478,-23.44666413242248,-46.7815556897204
123,Apenas manual,5,5000,26.8,2495.81866216495,-23.44457168896347,-46.7769542863542
124,Apenas manual,5,5000,69.8,250.550816909164,-23.44408095126144,-46.7755798864441
125,"Spider, Giro-Zero ou Trator com trincheira",5,5500,17.9,221.344688689357,-23.44605626286986,-46.7791741609538
126,"Spider, Giro-Zero ou Trator com trincheira",5,5500,27.1,30.2635051811696,-23.44694285606472,-46.7802675460514
127,"Spider, Giro-Zero ou Trator com trincheira",5,5500,29.1,27.6799400730656,-23.44717290015313,-46.7805581622901
128,"Spider, com ancoragem",5,5500,50.9,43.6513578392293,-23.44648458190593,-46.7808755870701
129,"Spider, Giro-Zero ou Trator com trincheira",5,5500,61.9,1535.99999995242,-23.4477795235925,-46.7808430774076
130,Trator com braço articulado,5,5000,28.7,2495.81839350954,-23.44458464292022,-46.7769415176362
131,"Spider, com ancoragem",5,5500,55.1,130.97883700771,-23.44635544591115,-46.7807613310376
132,"Spider, com ancoragem",5,5500,54.2,340.04613506503,-23.44576738031551,-46.7799237241633
133,"Spider, com ancoragem",5,5500,44.5,56.6046744450091,-23.44585437419442,-46.7798911367658
134,"Spider, Giro-Zero ou Trator com trincheira",5,5000,65.8,7922.4819297774,-23.44384781657161,-46.7774225836559
135,"Spider, Giro-Zero ou Trator com trincheira",5,5000,41.7,7379.53690464562,-23.44440237952387,-46.7764784435459
136,"Spider, Giro-Zero ou Trator com trincheira",5,5000,49.7,301.481068636374,-23.44434592909266,-46.7778625862039
137,"Spider, Giro-Zero ou Trator com trincheira",5,4500,4.5,6966.8026861703,-23.44275504714896,-46.7749128694133
138,"Spider, Giro-Zero ou Trator com trincheira",5,5500,45.4,1863.00000001153,-23.44606950476937,-46.7787532617453
139,"Spider, Giro-Zero ou Trator com trincheira",5,4500,28.7,60.4112636712341,-23.44244100106599,-46.7748603508106
140,"Spider, Giro-Zero ou Trator com trincheira",5,5500,28.3,1728.47971873127,-23.44614141614943,-46.7791271550819
141,"Spider, Giro-Zero ou Trator com trincheira",5,5500,54.1,1441.24142052777,-23.44700144454792,-46.781605015387
142,"Spider, Giro-Zero ou Trator com trincheira",5,4500,42.8,3605.18107862225,-23.44225616521236,-46.7748276148414
143,"Spider, Giro-Zero ou Trator com trincheira",6,6000,272.3,5497.44646365775,-23.44786684626514,-46.7859207359177
144,Apenas manual,6,6500,181.6,585.417165483152,-23.45275130987675,-46.7852147582907
145,Apenas manual,6,6500,161.6,866.114339163199,-23.45254708832926,-46.7852594034351
146,Apenas manual,6,6000,78.5,131.817951031576,-23.44964106086882,-46.7828991694048
147,"Spider, com ancoragem",6,6500,207.7,371.00000001266,-23.45328351980236,-46.7854851284917
148,Apenas manual,6,6000,240.9,1630.79790892522,-23.44801417512561,-46.7856353306025
149,Apenas manual,6,6500,195.5,306.370061094305,-23.45285978711083,-46.785142560792
150,Apenas manual,6,6000,57.0,185.966436757184,-23.44941848452914,-46.7829445331043
151,Apenas manual,6,6000,315.9,739.044768913095,-23.44770085945527,-46.7863631410509
152,"Spider, Giro-Zero ou Trator com trincheira",6,6000,445.5,1169.91714837045,-23.44752003400897,-46.78806709498
153,Apenas manual,6,6000,67.5,172.506710043129,-23.44951148489214,-46.7829031396939
154,Apenas manual,6,6000,295.9,663.199861809327,-23.44780947408201,-46.7861998697327
155,Apenas manual,6,6000,245.9,267.475496231827,-23.44808572272681,-46.7857993682742
156,"Spider, Giro-Zero ou Trator com trincheira",6,6500,299.6,1913.61704475594,-23.45519536459867,-46.7864841762782
157,Apenas manual,6,6000,231.9,162.62600620647,-23.44809331374363,-46.7856001247942
158,"Spider, Giro-Zero ou Trator com trincheira",6,6000,97.5,4797.49461509734,-23.45141934499164,-46.7848178237862
159,"Spider, Giro-Zero ou Trator com trincheira",6,6000,167.1,406.801913411197,-23.44857351371362,-46.7852305319249
160,"Spider, Giro-Zero ou Trator com trincheira",6,5500,40.9,6220.97037178252,-23.44843678618362,-46.7819686750342
161,Apenas manual,6,7000,31.7,26406.7785618048,-23.45506182282104,-46.7907268951982
162,"Spider, com ancoragem",6,6000,54.0,68.9999999897263,-23.45009211932118,-46.7838221079083
163,Apenas manual,6,6000,130.5,299.804091321945,-23.44841138588109,-46.7844861417861
164,Apenas manual,6,6000,113.6,265.453676174812,-23.44848283893509,-46.7843231270994
165,Apenas manual,6,6000,46.8,637.492190004287,-23.44917878236391,-46.7827982807815
166,"Spider, Giro-Zero ou Trator com trincheira",6,6500,108.3,7621.49999982063,-23.45190866229954,-46.7884836433353
167,"Spider, Giro-Zero ou Trator com trincheira",6,6500,242.5,549.244470377281,-23.45367112116646,-46.7854477269005
168,"Spider, Giro-Zero ou Trator com trincheira",6,7000,56.4,1020.99999997157,-23.45448811476903,-46.7905601010856
169,Apenas manual,6,6000,137.7,163.969045261585,-23.4483385775827,-46.7845024789615
170,"Spider, Giro-Zero ou Trator com trincheira",6,6500,108.9,2722.41594545869,-23.45458375535271,-46.7885639610843
171,"Spider, com ancoragem",9,9000,112.0,486.499999972904,-23.47208650243216,-46.8019512622255
172,"Spider, com ancoragem",9,10000,71.8,98.2951117574291,-23.47826036028376,-46.8015649249877
173,Apenas manual,9,9000,103.1,257.864202270375,-23.47131102824429,-46.8016705496117
174,Apenas manual,9,10000,5.9,528.963388119224,-23.47875870354709,-46.8023271978347
175,Apenas manual,9,9000,21.5,137.186560754174,-23.47248288164705,-46.8011394149297
176,Apenas manual,9,10000,9.8,241.391041058875,-23.47867336319859,-46.8024656931082
177,Apenas manual,9,10000,6.6,799.144718896521,-23.48068281410699,-46.802723543255
178,Apenas manual,9,9500,116.2,248.331742208137,-23.47770750928091,-46.8010055365787
179,Apenas manual,9,9500,97.1,237.70733396483,-23.47771481227332,-46.8011980686588
180,Apenas manual,9,9500,86.5,351.881556882914,-23.47768743904843,-46.8012980035099
181,Apenas manual,9,8500,0.3,2621.58028696707,-23.46875986384301,-46.8000078714379
182,Apenas manual,9,9000,10.8,111.529420415092,-23.47249980758913,-46.8010368082531
183,Apenas manual,9,8500,31.5,339.107751925952,-23.46923304987117,-46.7998049487521
184,Apenas manual,9,9000,7.2,253.960924657392,-23.47040886735058,-46.8004844810709
185,Apenas manual,9,9000,108.1,370.578606214401,-23.46966612307154,-46.8013146358362
186,"Spider, com ancoragem",9,9000,28.7,172.562369268276,-23.47324770505967,-46.8014010527
187,Apenas manual,9,9000,121.2,281.132368794848,-23.46974285733363,-46.8014648167662
188,Apenas manual,9,9000,132.2,254.441970461313,-23.46975593366073,-46.8015781589253
189,Apenas manual,9,9000,97.2,396.847069904667,-23.46966624453749,-46.8012044808472
190,Apenas manual,9,9000,97.9,561.086677658104,-23.47029143000491,-46.8013661817155
191,Apenas manual,9,9000,0.4,267.59290581114,-23.47046708658197,-46.8004300005966
192,Apenas manual,9,9000,9.3,185.125045096706,-23.47055052043038,-46.8003530508641
193,Apenas manual,9,9000,141.3,83.11074850197,-23.4710605163057,-46.801991540765
194,Apenas manual,9,9000,132.6,191.05904813978,-23.47109159649027,-46.8019123726812
195,Apenas manual,9,9000,122.4,164.250444521674,-23.47114574153978,-46.8018230971163
196,Apenas manual,9,9500,66.7,742.261141730117,-23.47765295615215,-46.8014881394725
197,Apenas manual,9,8500,43.5,217.983463480749,-23.46924283478058,-46.7996869474819
198,Apenas manual,9,9500,75.1,480.029407395326,-23.47761661978426,-46.8013968628334
199,Apenas manual,9,9000,143.8,105.379976799781,-23.46980532027916,-46.8017068795359
200,Apenas manual,9,9500,7.2,398.408999178435,-23.47440332329553,-46.8013251365418
201,Apenas manual,9,9500,41.4,166.299617907838,-23.47621195044186,-46.8014284467678
202,"Spider, Giro-Zero ou Trator com trincheira",9,9500,5.5,21859.1277978325,-23.47642356961885,-46.8018406530611
203,"Spider, Giro-Zero ou Trator com trincheira",9,9500,9.9,1486.88804713024,-23.47425072450634,-46.8014596963227
204,"Spider, Giro-Zero ou Trator com trincheira",9,10000,11.8,1722.30390027108,-23.47874537546646,-46.8022651909054
205,"Spider, Giro-Zero ou Trator com trincheira",9,9500,46.7,2226.11343305455,-23.47678049554837,-46.8015049261464
206,"Spider, Giro-Zero ou Trator com trincheira",9,9500,20.1,23.9999999911524,-23.47414002034264,-46.8015345850322
207,Trator com braço articulado,9,9000,5.9,2354.90214973574,-23.47352930198458,-46.8011226656241
208,"Spider, Giro-Zero ou Trator com trincheira",9,9000,84.7,3622.62633479177,-23.47046812298199,-46.8012772750801
209,Trator com braço articulado,9,9500,45.4,2628.03482067741,-23.47380118156892,-46.8017052340473
210,Trator com braço articulado,9,10000,20.2,130.807843757681,-23.48066570490414,-46.8025845469306
211,"Spider, Giro-Zero ou Trator com trincheira",9,9000,8.3,4320.1555140032,-23.47072586409385,-46.8005730060414
212,"Spider, Giro-Zero ou Trator com trincheira",9,10000,12.3,3075.08401050298,-23.48092105029851,-46.8027172760811
213,Apenas manual,9,9000,30.2,190.509843611505,-23.47247190009661,-46.8012239966744
214,Apenas manual,9,9500,0.1,875.95116138877,-23.47445714601546,-46.8014122324322
215,Apenas manual,9,9500,15.0,351.530945018473,-23.47433053092036,-46.8012286843232
216,Apenas manual,9,9500,22.6,188.279149506156,-23.47423766711157,-46.8011295959079
217,Apenas manual,9,10000,11.8,622.430438223315,-23.48078898418152,-46.8029300403761
218,"Spider, com ancoragem",9,9500,15.8,348.123870086199,-23.47539444778161,-46.8014839459004
219,Apenas manual,9,10000,96.4,756.939529445845,-23.48143340285461,-46.801985592539
220,Apenas manual,9,10000,87.8,1130.94695614465,-23.4812243469514,-46.8020273515407
221,Apenas manual,9,10000,115.8,481.427005821234,-23.48170745003174,-46.8018496166914
222,Apenas manual,9,9500,30.4,128.676680460089,-23.47418010815928,-46.8010367968914
223,Apenas manual,9,9500,40.8,154.502338727455,-23.47411927868325,-46.800918234352
224,Apenas manual,9,9500,43.2,2631.82988701058,-23.47381741453792,-46.8016867464697
225,Apenas manual,9,9000,3.9,2355.9694199811,-23.47352877015017,-46.8011423138346
226,Apenas manual,9,10000,106.2,491.369456026656,-23.48154074398188,-46.8019107100517
227,"Spider, Giro-Zero ou Trator com trincheira",10,10000,80.0,4825.16143226334,-23.48210802554852,-46.8022910772905
228,Trator com braço articulado,10,10000,68.0,1346.41230292516,-23.48191561140607,-46.8023698038333
229,Apenas manual,10,10000,135.9,337.183093519561,-23.48176139383191,-46.8016606278881
230,"Spider, Giro-Zero ou Trator com trincheira",10,10500,45.0,1052.32348392034,-23.48436424306436,-46.8031342539191
231,"Spider, Giro-Zero ou Trator com trincheira",10,10500,15.5,1584.90716307001,-23.48311378775018,-46.8034546326146
232,Trator com braço articulado,10,10000,3.7,888.187359668522,-23.48217134277446,-46.8030648958326
233,Apenas manual,10,10000,157.4,259.569545445448,-23.48205422499679,-46.8015076353437
234,Apenas manual,10,10000,66.0,1346.6760950044,-23.48191212297316,-46.8023890746035
235,Apenas manual,10,10000,145.4,413.512528429046,-23.48194301518301,-46.8016037547442
236,Apenas manual,10,10500,61.8,155.836359724197,-23.48443717707603,-46.8029904223736
237,Apenas manual,10,10500,5.0,4719.65619780602,-23.48431798112118,-46.8035871771249
238,Apenas manual,10,10000,7.8,1016.93006214017,-23.48198925122352,-46.8029862898081
239,Trator com braço articulado,12,12000,20.8,41.5048503601107,-23.49504148672649,-46.8138573038252
240,Apenas manual,12,11500,96.3,944.152495210051,-23.49083316946486,-46.8080816420336
241,Apenas manual,12,11500,112.3,800.574447294589,-23.490793273735,-46.8078459289646
242,Apenas manual,12,11500,29.7,153.725194296766,-23.49197406029981,-46.8106833174021
243,"Spider, Giro-Zero ou Trator com trincheira",12,11500,93.5,2371.8136068532,-23.49073664472875,-46.8080332132309
244,Apenas manual,12,11000,133.5,218.871705122438,-23.49034560094285,-46.8071934473415
245,Apenas manual,12,11000,72.1,1904.5556753805,-23.48957820885505,-46.807298939726
246,Trator com braço articulado,12,12500,30.1,2218.28764418602,-23.49683221367037,-46.816015979287
247,Trator com braço articulado,12,11500,29.4,233.756255478612,-23.49306934167606,-46.8111929506422
248,Apenas manual,12,11500,55.5,1317.32919427339,-23.49154340754382,-46.8092077624747
249,Apenas manual,12,12000,55.4,2261.08076532561,-23.49375184131799,-46.8133576865887
250,"Spider, Giro-Zero ou Trator com trincheira",12,12000,0.5,14721.5919653014,-23.49325748516518,-46.8118883745255
251,Apenas manual,12,11500,36.0,499.370837605466,-23.49302917284747,-46.8110408410902
252,Apenas manual,12,12500,28.2,2450.96871998764,-23.49685575247183,-46.8160758910444
253,Apenas manual,12,11500,42.4,1232.52692004731,-23.49204519327758,-46.8109673152977
254,Trator com braço articulado,12,11500,31.6,153.725211077671,-23.49196091263896,-46.8106954537043
255,"Spider, Giro-Zero ou Trator com trincheira",13,12500,31.8,6548.0777545334,-23.49912633824841,-46.8186818738709
256,"Spider, Giro-Zero ou Trator com trincheira",13,13000,51.9,8606.10273038242,-23.50279608285552,-46.820817419426
257,"Spider, Giro-Zero ou Trator com trincheira",13,13000,91.1,2227.87312957446,-23.5020646125818,-46.8208610488667
258,Trator com braço articulado,13,13000,107.5,261.40111941571,-23.5014624479293,-46.8207246896772
259,"Spider, Giro-Zero ou Trator com trincheira",13,13000,167.7,449.703295618122,-23.50107275203334,-46.8211766928716
260,Apenas manual,13,13000,90.0,2373.95509923498,-23.50247321250826,-46.8210631918484
261,Apenas manual,13,13500,16.9,622.227698100246,-23.50502423599692,-46.8212330834406
262,Apenas manual,13,13500,4.0,313.479191963824,-23.50448387128047,-46.8210907386697
263,Apenas manual,13,13000,139.1,742.753386533272,-23.50275215463498,-46.821742417321
264,Apenas manual,13,13000,89.7,143.912948540903,-23.50258822637595,-46.82111984688
265,Trator com braço articulado,13,13500,99.0,1300.94603835498,-23.50336048705774,-46.821624384245
266,Apenas manual,13,13500,62.3,700.713361220387,-23.50473495659676,-46.8219431094693
267,Trator com braço articulado,13,12500,71.5,130.560009198415,-23.49825670084935,-46.8186585571265
268,"Spider, Giro-Zero ou Trator com trincheira",13,13000,136.6,1686.51815283089,-23.50264743594781,-46.8216606188079
269,Trator com braço articulado,13,13000,85.5,37.6804536183776,-23.50046584120592,-46.8199649228295
270,"Spider, Giro-Zero ou Trator com trincheira",13,13500,21.4,1845.000997855,-23.50524983483064,-46.8213013712768
271,Apenas manual,13,13000,85.5,37.6804536183957,-23.50046584120663,-46.8199649228149
272,Trator com braço articulado,13,13000,87.9,130.571682699845,-23.50258814567746,-46.8211004082771
273,"Spider, Giro-Zero ou Trator com trincheira",13,13500,53.1,1631.61133040637,-23.50483059367534,-46.8218927259724
274,Trator com braço articulado,13,13000,92.5,22.0458641253733,-23.49917402563867,-46.8193661037333
275,Trator com braço articulado,13,12500,21.9,27.7226654271456,-23.49790974127528,-46.8174614553586
276,Apenas manual,13,13000,99.3,142.724587988762,-23.50121843222725,-46.8205082247331
277,Apenas manual,13,13000,168.6,141.094265612954,-23.50130292776673,-46.8213058657106
278,Apenas manual,13,13000,70.7,171.36674816351,-23.50225489037359,-46.8207383680455
279,Apenas manual,13,13000,85.5,722.860393703641,-23.50214088039974,-46.8208399448027
280,Apenas manual,13,13000,109.2,285.541477262038,-23.50147556941401,-46.8207505226523
281,Apenas manual,13,13000,92.5,22.0458641253733,-23.49917402563867,-46.8193661037333
282,"Spider, Giro-Zero ou Trator com trincheira",14,14000,83.7,1828.4085962522,-23.51057341835197,-46.8201327777705
283,"Spider, Giro-Zero ou Trator com trincheira",14,14000,87.7,5506.54908858656,-23.51141494219686,-46.8197620399346
284,Trator com braço articulado,14,14000,120.2,1719.74556631323,-23.51075293133519,-46.8204362464465
285,"Spider, Giro-Zero ou Trator com trincheira",14,14000,162.0,2070.07081218626,-23.50810426517353,-46.8221854809991
286,"Spider, Giro-Zero ou Trator com trincheira",14,14000,84.0,1548.2959060641,-23.50829005022114,-46.8212552756934
287,"Spider, Giro-Zero ou Trator com trincheira",14,14000,137.4,180.22950432676,-23.50891040003973,-46.8215256333428
288,"Spider, Giro-Zero ou Trator com trincheira",14,14000,141.1,323.096538919668,-23.50929712569213,-46.8213758137369
289,Apenas manual,14,13500,29.1,610.624182132092,-23.50558677622184,-46.8213652631931
290,Trator com braço articulado,14,13500,30.2,602.69871931363,-23.50560173318481,-46.8213459866258
291,Apenas manual,14,14000,185.8,165.997000243748,-23.50837514850076,-46.8223082354575
292,Apenas manual,14,14000,124.2,2008.84672085454,-23.51032621346492,-46.8206888884647
293,Trator com braço articulado,14,13500,63.4,20.3987419420155,-23.50734677798565,-46.8214968279891
294,Trator com braço articulado,14,14000,108.9,39.5778334776369,-23.51125844799227,-46.8200674057083
295,Trator com braço articulado,14,14000,76.6,1278.34491202403,-23.51030689247652,-46.8201868328232
296,Apenas manual,14,14500,114.3,473.678006774898,-23.51255066357637,-46.8170330555911
297,Trator com braço articulado,14,14000,55.3,22.0293974578654,-23.51149993575485,-46.8193722692745
298,Apenas manual,14,14000,76.9,1842.64190991737,-23.50979759522595,-46.8204398310291
299,Apenas manual,15,15000,551.4,417.993792912665,-23.51578018459912,-46.8118987773502
300,Apenas manual,15,15000,648.2,104.941272167547,-23.51465109390852,-46.8111503417167
301,Trator com braço articulado,15,15000,251.6,392.353358348875,-23.5174327991795,-46.8145678234532
302,Apenas manual,15,15000,482.4,131.585425048944,-23.51678887743368,-46.8123943835977
303,Trator com braço articulado,15,15000,212.5,55.0465905684136,-23.51811147562652,-46.8148284045135
304,Apenas manual,15,15000,461.4,731.69510251643,-23.51631776029463,-46.8126926421623
305,Trator com braço articulado,15,15000,217.7,586.408417244202,-23.51636470389392,-46.8151072213088
306,Apenas manual,15,15000,158.0,63.3483720225622,-23.51828593403622,-46.8153368752765
307,Apenas manual,15,15000,226.1,732.249697686529,-23.51870766288495,-46.8145795877727
308,Trator com braço articulado,15,15500,141.3,374.049844540397,-23.5204692707364,-46.81508950101
309,Apenas manual,15,15000,215.2,44.5348866336161,-23.51780784289598,-46.814858825456
310,Trator com braço articulado,15,15500,4.7,142.886162641318,-23.52059078280124,-46.8164247306008
311,Trator com braço articulado,15,15500,20.4,221.158432712576,-23.5214931166394,-46.8165041982302
312,Trator com braço articulado,15,15000,214.1,20.0023455209736,-23.51780996295061,-46.8148693555343
313,Apenas manual,15,15000,254.4,457.191069620025,-23.51742255762078,-46.8145417423895
314,Apenas manual,15,15000,185.3,377.712894963769,-23.51717767189156,-46.8152751429357
315,Apenas manual,15,15000,415.9,163.276223550844,-23.5174580521629,-46.8129288554898
316,Apenas manual,15,15000,408.6,874.247791857368,-23.51639377959961,-46.813203289579
317,Apenas manual,15,15000,363.0,1947.7282174876,-23.51611171911816,-46.8137105510457
318,Apenas manual,15,15000,134.8,178.208655569205,-23.51889600342511,-46.8154524844335
319,"Spider, Giro-Zero ou Trator com trincheira",15,15500,1.5,1398.53162585441,-23.52179616824647,-46.816261935757
320,Apenas manual,15,15000,63.4,758.742797037593,-23.51911717470429,-46.8161204752722
321,Apenas manual,15,15000,101.4,177.418971919102,-23.51979797686079,-46.8156130633613
322,Apenas manual,15,15000,28.7,209.834652846366,-23.51991711449749,-46.8168852520148
323,Apenas manual,15,15000,178.8,590.311602832064,-23.51924310872457,-46.8149490077547
324,Apenas manual,15,15500,24.8,168.30209926987,-23.52042958793904,-46.8162551554976
325,Apenas manual,15,15500,93.4,669.950787176041,-23.52060361873191,-46.8155402270511
326,Apenas manual,15,15500,6.7,150.520782408578,-23.52059061904458,-46.8164053774344
327,Apenas manual,15,15500,18.5,230.44244231728,-23.52149495708587,-46.8164847788122
328,Apenas manual,15,15500,75.8,898.788275505983,-23.52138028065596,-46.8155680917577
329,Trator com braço articulado,15,15000,187.4,364.999216606261,-23.51717754512185,-46.8152550220998
330,"Spider, Giro-Zero ou Trator com trincheira",15,15000,100.5,2008.23298643625,-23.51913040935265,-46.8157491343219
331,Apenas manual,15,15000,40.3,448.53832551133,-23.51903183342434,-46.8163663490183
332,Apenas manual,15,15000,55.4,1135.35579769606,-23.51775014015787,-46.8164590349838
333,Apenas manual,15,15000,74.1,1202.40475787104,-23.51801763273576,-46.8162226540632
334,"Spider, Giro-Zero ou Trator com trincheira",15,15000,154.3,3953.75427255802,-23.51655796160061,-46.8157012633059
335,Trator com braço articulado,15,15000,49.7,1050.07111012189,-23.517806196823,-46.8165049365102
336,"Spider, Giro-Zero ou Trator com trincheira",15,15000,26.3,6910.47121721626,-23.5183229515276,-46.8166398319081
337,Trator com braço articulado,15,15000,159.9,57.7187069254168,-23.51828791727802,-46.8153174241796
338,Trator com braço articulado,15,15000,136.7,170.097134820512,-23.51889880841764,-46.8154331395185
339,Trator com braço articulado,15,15000,37.6,429.033503924534,-23.51904623145817,-46.8163901647402
340,Trator com braço articulado,15,15000,82.5,91.3824967711957,-23.51850781120846,-46.8160460616111
341,Trator com braço articulado,15,15000,103.3,169.337413208649,-23.51980074884153,-46.8155937127734
342,Trator com braço articulado,15,15500,151.4,302.626587056957,-23.51980745447835,-46.8151142046051
343,"Spider, Giro-Zero ou Trator com trincheira",15,15500,4.7,660.987403561233,-23.52177154285794,-46.8162264342095
344,Trator com braço articulado,16,15500,23.1,214.838913885146,-23.52271201008873,-46.8166766587501
345,"Spider, Giro-Zero ou Trator com trincheira",16,16500,19.0,7918.49714488805,-23.530596615745,-46.8176972671119
346,Apenas manual,16,16500,14.8,22.7975787292205,-23.52976663953104,-46.817604511103
347,Apenas manual,16,16000,34.1,599.280027758013,-23.52645193779812,-46.8167993241766
348,Apenas manual,16,16000,33.2,323.354765041854,-23.52784372136643,-46.8170660575538
349,Trator com braço articulado,16,15500,33.9,180.392026452429,-23.52285106233133,-46.8161356576075
350,Trator com braço articulado,16,16500,14.8,22.7975787292205,-23.52976663953104,-46.817604511103
351,Apenas manual,16,16500,2.6,2387.14049915579,-23.53041499489627,-46.8178980561935
352,Apenas manual,16,15500,21.1,224.140869663709,-23.52271362846803,-46.8166572317784
353,Apenas manual,17,17500,25.0,1026.90484016802,-23.53811253688278,-46.8180578102073
354,Apenas manual,17,17000,23.3,2646.90051923741,-23.53465923331996,-46.8176171220743
355,Trator com braço articulado,17,17500,26.7,171.171698898059,-23.53925053207466,-46.8175409064594
356,"Spider, Giro-Zero ou Trator com trincheira",17,17500,38.4,968.71840951944,-23.53814463242777,-46.8174363974376
357,"Spider, Giro-Zero ou Trator com trincheira",17,17500,37.6,5439.93847177137,-23.53912827073405,-46.8181716928194
358,"Spider, Giro-Zero ou Trator com trincheira",17,17500,2.1,3239.5671468841,-23.5381649819473,-46.8178333867624
359,"Spider, Giro-Zero ou Trator com trincheira",17,17500,16.8,24.0000000118744,-23.53771712663593,-46.8179814745653
360,Trator com braço articulado,17,17500,23.3,414.763909287613,-23.5385531428354,-46.8180371123356
361,Apenas manual,18,17500,24.6,419.962774517934,-23.54157398117847,-46.8186998500222
362,"Spider, Giro-Zero ou Trator com trincheira",18,18500,34.9,1454.6833972494,-23.54769008633339,-46.8199753813007
363,Trator com braço articulado,18,17500,32.9,197.479822695387,-23.54012150114775,-46.8176674961946
364,"Spider, Giro-Zero ou Trator com trincheira",18,18000,33.0,84.0648590965656,-23.54433317802924,-46.8196343790657
365,Trator com braço articulado,18,17500,21.7,148.058265119153,-23.54003652263192,-46.8181972421108
366,Trator com braço articulado,18,18000,17.2,1348.01603124762,-23.54377043041859,-46.8193003503041
367,Apenas manual,18,18000,34.0,862.227982711623,-23.54523596489399,-46.8199225311002
368,Apenas manual,18,18000,15.3,1421.2057957089,-23.54378240601593,-46.8192840680664
369,Apenas manual,18,18000,34.8,1581.78218559467,-23.54418814831887,-46.8188984100001
370,"Spider, Giro-Zero ou Trator com trincheira",18,18500,30.6,1602.99999994095,-23.54752863335612,-46.8205932428968
371,Apenas manual,18,17500,45.4,374.449513318716,-23.54005852157461,-46.8175202889555
372,Trator com braço articulado,18,18000,14.8,18.0369077201974,-23.54408819174253,-46.819373360546
373,Trator com braço articulado,18,17500,41.3,52.7175061053975,-23.54097582693019,-46.8178447710754
374,Trator com braço articulado,18,17500,43.4,75.7868282870121,-23.54149918225003,-46.817983719861
375,Trator com braço articulado,18,18500,30.2,118.980758942334,-23.54680815107011,-46.8197514260049
376,"Spider, Giro-Zero ou Trator com trincheira",18,18000,42.7,8614.38785242145,-23.54397706614055,-46.8187538134487
377,"Spider, Giro-Zero ou Trator com trincheira",18,18000,23.0,10260.8002302969,-23.54376344767584,-46.8193570701723
378,"Spider, Giro-Zero ou Trator com trincheira",18,17500,37.0,2839.13785913429,-23.539800925078,-46.8175266032923
379,"Spider, Giro-Zero ou Trator com trincheira",18,18500,41.4,180.31622229525,-23.54760405002332,-46.8198824538709
380,"Spider, Giro-Zero ou Trator com trincheira",18,18000,8.1,3372.75826497878,-23.54381893695672,-46.8190576725469
381,Trator com braço articulado,18,18000,36.6,979.355704789793,-23.54426833615431,-46.8189052170675
382,Trator com braço articulado,18,18500,29.4,240.989804341917,-23.54771615336261,-46.820039199755
383,Apenas manual,18,17500,56.4,525.613892814715,-23.54149638727322,-46.817850928518
384,Apenas manual,19,18500,47.3,1106.27126184559,-23.55063107734357,-46.820659893317
385,Trator com braço articulado,19,19500,42.7,492.997604997299,-23.55668128069402,-46.8198843721126
386,Trator com braço articulado,19,19000,5.6,18.4865336553321,-23.55419082912625,-46.819708441487
387,"Spider, Giro-Zero ou Trator com trincheira",19,19500,14.3,1942.27597476502,-23.55519503223909,-46.8197835909196
388,"Spider, Giro-Zero ou Trator com trincheira",19,19000,32.6,413.555728803228,-23.55328723204831,-46.8201942268154
389,Apenas manual,19,18500,31.7,1367.65090253263,-23.54867200551076,-46.8201173397177
390,"Spider, Giro-Zero ou Trator com trincheira",19,19000,35.7,1879.47911104672,-23.55495141391175,-46.8200241530702
391,Apenas manual,19,19000,70.6,1225.61027895285,-23.55256728108717,-46.8192636020093
392,Apenas manual,19,19000,119.8,633.6940970822,-23.5543098851003,-46.8185683376864
393,Apenas manual,19,19000,183.2,930.094245194052,-23.55454057891556,-46.8179151106527
394,Apenas manual,19,19500,124.4,752.760037417327,-23.55510434473414,-46.8184270691805
395,Apenas manual,19,19500,130.6,436.425776810348,-23.55603167056503,-46.8182539406608
396,Apenas manual,19,19000,39.1,1594.89024118768,-23.55270922956518,-46.8195575933125
397,Apenas manual,19,19500,136.2,1433.9612791075,-23.55549609407676,-46.8182629865844
398,Apenas manual,19,19000,285.0,202.875234213412,-23.55433533990431,-46.8169359109367
399,"Spider, Giro-Zero ou Trator com trincheira",19,19000,90.8,5089.17901769786,-23.55390801225567,-46.8206932538274
400,"Spider, Giro-Zero ou Trator com trincheira",19,19000,59.2,11123.6497668728,-23.55395716927923,-46.8203759945205
401,"Spider, Giro-Zero ou Trator com trincheira",19,19000,163.2,2177.7201750061,-23.55425268719014,-46.8213658113674
402,Apenas manual,19,19000,274.6,293.312869886105,-23.5541135585936,-46.8170654183798
403,Apenas manual,19,19500,40.6,505.235837729767,-23.55667530693299,-46.8198641763176
404,"Spider, Giro-Zero ou Trator com trincheira",19,19500,113.2,1925.83109890955,-23.55609337723261,-46.8184182274446
405,"Spider, Giro-Zero ou Trator com trincheira",19,19500,166.0,168.000000001513,-23.55583471766912,-46.8179281443001
406,"Spider, Giro-Zero ou Trator com trincheira",19,19500,114.8,4468.54644331779,-23.55569226596989,-46.8184503696821
407,"Spider, Giro-Zero ou Trator com trincheira",19,19000,222.0,4087.94230722155,-23.55456307014492,-46.8175296451725
408,"Spider, Giro-Zero ou Trator com trincheira",19,19000,99.4,1011.06545201444,-23.55431947848623,-46.8187685696371
409,"Spider, Giro-Zero ou Trator com trincheira",19,19000,279.2,484.35153025043,-23.55409625431622,-46.8170219268441
410,Apenas manual,19,19000,190.7,463.075465365123,-23.55445951141073,-46.8216117198449
411,"Spider, Giro-Zero ou Trator com trincheira",19,19500,125.4,9530.47860324125,-23.55511402642804,-46.8184159893025
412,Apenas manual,19,19000,163.4,731.171990808338,-23.55420836547801,-46.8213733947717
413,Apenas manual,19,18500,42.4,1073.98522263396,-23.54943046941546,-46.8207563229991
414,Apenas manual,19,19000,111.1,565.091965814392,-23.55316220234208,-46.8209833073059
415,Apenas manual,19,19000,49.6,717.187720959001,-23.55496670018969,-46.8201595066893
416,Apenas manual,19,19000,5.6,18.4865336553321,-23.55419082912625,-46.819708441487
417,Apenas manual,19,19000,73.6,1868.6205980229,-23.55366867686497,-46.8205523032169
418,"Spider, Giro-Zero ou Trator com trincheira",19,20000,31.8,16634.9529067258,-23.55993734708404,-46.8190780292485
419,Apenas manual,19,19500,20.9,2647.01250056471,-23.5558497968837,-46.8197701458882
420,Apenas manual,19,19000,57.2,838.923108981118,-23.55398071896475,-46.8203533550881
421,Trator com braço articulado,19,19000,165.5,17.3051563591873,-23.55444027693738,-46.8181019615022
422,Trator com braço articulado,19,19000,69.6,23.7737862824849,-23.55398236668492,-46.8204754935957
423,Trator com braço articulado,19,19000,24.4,33.1643411285315,-23.55211774974521,-46.8202548005973
424,Trator com braço articulado,19,19500,138.4,16.2327676721859,-23.55537691552615,-46.8182555838418
425,Trator com braço articulado,19,19000,243.6,33.3366428773626,-23.55421753350372,-46.8173584049822
426,Trator com braço articulado,20,19500,76.7,136.457221499933,-23.55912789568873,-46.820150145943
427,Trator com braço articulado,20,19500,58.0,22.8678774519559,-23.55884600902036,-46.8199710237141
428,Trator com braço articulado,20,19500,67.6,156.45879084253,-23.55839297127512,-46.8200699357224
429,"Spider, Giro-Zero ou Trator com trincheira",20,20500,77.7,4368.10088458986,-23.56514304025118,-46.8200925205185
430,Trator com braço articulado,20,20000,87.1,62.3794803400384,-23.55969226953641,-46.8202463203277
431,"Spider, Giro-Zero ou Trator com trincheira",20,19500,27.9,1895.37294726151,-23.55803316348614,-46.8191377968437
432,"Spider, Giro-Zero ou Trator com trincheira",20,20000,32.8,16780.9276787112,-23.56265274044769,-46.8190379070638
433,Trator com braço articulado,20,20000,103.5,129.675544392289,-23.56078301363945,-46.820394975439
434,Trator com braço articulado,20,20500,55.9,1613.03858416687,-23.56463856044859,-46.8198840202032
435,Apenas manual,20,20000,95.0,346.617468366006,-23.56031578559705,-46.8203169049316
436,Trator com braço articulado,20,20000,18.0,628.13674506256,-23.56367549151115,-46.8191705295202
437,Apenas manual,20,20000,71.0,2196.85054695806,-23.56401164260069,-46.8200392630985
438,Apenas manual,20,20500,115.1,386.72759203534,-23.56455569170257,-46.8204656938683
439,Apenas manual,20,20500,61.5,238.405727392499,-23.56581103023302,-46.8199261710766
440,"Spider, Giro-Zero ou Trator com trincheira",20,20000,127.3,414.623725167947,-23.56264364817381,-46.820607035637
441,Apenas manual,20,20000,3.6,330.194774672229,-23.56319118872343,-46.8193885552435
442,Apenas manual,20,19500,45.6,1829.84349865394,-23.55826708187944,-46.8189621812558
443,Apenas manual,20,20000,26.7,2258.66513555832,-23.56306959563799,-46.8196158674241
444,Apenas manual,20,19500,74.7,144.201536407071,-23.55912945828999,-46.8201309400976
445,Apenas manual,20,19500,65.6,163.811051232507,-23.55839445751785,-46.8200503110668
446,Trator com braço articulado,20,20000,8.8,734.270094514419,-23.56056273051966,-46.8194686246836
447,Apenas manual,20,19500,57.3,60.3404730119888,-23.55791635747671,-46.8199741013334
448,Apenas manual,20,19500,37.1,460.448768369994,-23.55770622908137,-46.8190511855566
449,Apenas manual,20,20500,20.9,1805.72568895976,-23.56536670472852,-46.8191229815009
450,Apenas manual,20,20000,80.6,428.997059734448,-23.56000412443184,-46.8201790863916
451,Apenas manual,21,21500,93.8,784.700996761205,-23.57019237102663,-46.8128475751787
452,Apenas manual,21,21500,24.3,276.508992132288,-23.57058530645125,-46.8133916270504
453,Apenas manual,21,21000,145.0,595.02987778176,-23.5687631442712,-46.8138037648255
454,Apenas manual,21,21000,68.7,28.7639277996494,-23.56842146866329,-46.8153220703508
455,Apenas manual,21,21000,76.8,27.4508460533973,-23.56831148870757,-46.8153343555477
456,Trator com braço articulado,21,21500,56.6,217.000320553989,-23.5712325588935,-46.8121503059616
457,Apenas manual,21,21500,91.1,443.839045279282,-23.57067342758833,-46.8123145028701
458,Apenas manual,21,21500,113.0,154.379497622285,-23.57008546210799,-46.812694776531
459,"Spider, Giro-Zero ou Trator com trincheira",21,20500,48.2,170.979752432006,-23.5673549902619,-46.8182937599644
460,Apenas manual,21,20500,45.0,590.794822766601,-23.56676997604595,-46.8176319836648
461,"Spider, Giro-Zero ou Trator com trincheira",21,21500,20.1,1458.60272689387,-23.57063685525759,-46.8133912764934
462,Apenas manual,21,21000,82.6,157.831527860374,-23.56761231487049,-46.8160824295834
463,Trator com braço articulado,21,21500,114.9,144.356819274585,-23.57007820434283,-46.8126764243502
464,Trator com braço articulado,21,21500,3.1,114.66384718766,-23.57109134054124,-46.8130980849123
465,Trator com braço articulado,21,21000,61.3,109.418776916444,-23.56730004020009,-46.8167644491265
466,Apenas manual,21,20500,51.1,107.845701851313,-23.56739779855454,-46.8182842007895
467,Trator com braço articulado,21,21000,84.6,151.982439796601,-23.56759503526903,-46.8160744084372
468,Trator com braço articulado,21,21000,76.8,27.4508460533986,-23.56831148870765,-46.8153343555477
469,Trator com braço articulado,21,21000,68.7,28.7639277996494,-23.56842146866329,-46.8153220703508
470,"Spider, Giro-Zero ou Trator com trincheira",22,22000,36.5,2215.6771679656,-23.57478487367883,-46.8113921322253
471,"Spider, Giro-Zero ou Trator com trincheira",22,22000,31.8,1151.56409888749,-23.57793540875092,-46.8099777478927
472,Trator com braço articulado,22,22000,10.6,34.3564619935801,-23.57442610301609,-46.8110500635139
473,Apenas manual,22,22000,33.3,30.2167301508735,-23.57556992697156,-46.8110182904011
474,Apenas manual,22,22000,30.9,54.5867667923753,-23.57580206780273,-46.8108920006469
475,Apenas manual,22,22000,45.7,2403.92045216855,-23.57573790000833,-46.8101112209436
476,Apenas manual,22,21500,51.9,420.377626682454,-23.57413811566995,-46.8118345414602
477,Apenas manual,22,21500,41.5,808.597112950874,-23.57431187001729,-46.8116499470761
478,Apenas manual,22,22000,83.6,364.504724248734,-23.57788238159213,-46.8087829200022
479,Apenas manual,22,22000,69.0,886.451826231193,-23.57809076552796,-46.8088470159505
480,Apenas manual,22,21500,38.5,1115.61333655659,-23.57313534759059,-46.8121273112981
481,Apenas manual,22,22000,10.6,34.3564619935801,-23.57442610301609,-46.8110500635139
482,"Spider, Giro-Zero ou Trator com trincheira",22,21500,4.0,8328.40587641408,-23.57409928645458,-46.8112618249991
483,Apenas manual,22,22000,26.8,575.906535904539,-23.577153526894,-46.8102641897237
484,"Spider, Giro-Zero ou Trator com trincheira",22,22000,51.5,10344.8650756663,-23.5745869792998,-46.8105491841401
485,Trator com braço articulado,22,22000,35.3,25.3564787358703,-23.57557614825495,-46.8110366691895
486,Trator com braço articulado,22,22000,27.2,270.631755540949,-23.57771733924357,-46.8100237062725
487,Trator com braço articulado,22,22000,32.9,48.8416272694254,-23.57580872909283,-46.8109102078045
488,Trator com braço articulado,22,22000,31.7,55.4798270241623,-23.57609872413223,-46.8107724208535
489,Trator com braço articulado,22,21500,37.3,568.566887902392,-23.57421586185174,-46.811646627131
490,Trator com braço articulado,22,22000,57.0,730.691087718364,-23.57763560095999,-46.8091700199158
491,Trator com braço articulado,23,23000,9.5,40.046685858922,-23.58694126157724,-46.8093232478532
492,Apenas manual,23,23500,188.2,1265.28458430951,-23.59047147444098,-46.8117215328537
493,Trator com braço articulado,23,23000,14.5,401.684636249759,-23.58581618429653,-46.8090018192277
494,"Spider, Giro-Zero ou Trator com trincheira",23,23000,16.1,1953.99999991772,-23.58331177214934,-46.8087977258871
495,Apenas manual,23,24000,88.5,856.344943671233,-23.59326379089113,-46.809678282769
496,Apenas manual,23,24000,26.4,290.096272973735,-23.5931988050396,-46.8108214499629
497,Apenas manual,23,23500,106.8,1905.51810281369,-23.59089691303357,-46.8110139841941
498,Apenas manual,23,23500,90.3,883.409304286382,-23.59108227807081,-46.810896312719
499,Apenas manual,23,24000,95.1,598.362951144354,-23.59216364191847,-46.8112364344404
500,Apenas manual,23,24000,69.1,610.05267089434,-23.5929732280202,-46.8111919161888
501,Apenas manual,23,23000,125.6,337.976900608552,-23.58357958240951,-46.8077419324135
502,"Spider, Giro-Zero ou Trator com trincheira",23,24000,263.6,8357.0459936075,-23.59344259529447,-46.8079574178692
503,Apenas manual,23,23500,75.8,1199.19695572303,-23.59155843721526,-46.8093470012408
504,Trator com braço articulado,23,23000,27.9,96.727134658562,-23.58450059460238,-46.8087714982739
505,"Spider, Giro-Zero ou Trator com trincheira",23,22500,89.8,7381.17949703709,-23.58233420249315,-46.8079997906889
506,"Spider, Giro-Zero ou Trator com trincheira",23,23000,74.9,4803.15609960066,-23.5872691429088,-46.8085183705585
507,Trator com braço articulado,23,23500,36.1,185.645844993218,-23.58755339247925,-46.8096308535337
508,"Spider, Giro-Zero ou Trator com trincheira",23,23500,67.9,8564.21277883689,-23.59164604249455,-46.8094508292571
509,Trator com braço articulado,23,22500,91.9,290.404865278895,-23.5821565829886,-46.8079654976971
510,"Spider, Giro-Zero ou Trator com trincheira",23,24000,175.2,1984.38244899048,-23.59284911414916,-46.8086909095073
511,Apenas manual,23,24000,146.4,996.049437759856,-23.59278610371279,-46.8089643478071
512,"Spider, Giro-Zero ou Trator com trincheira",23,24000,100.8,510.242743947181,-23.5921444819965,-46.811289146403
513,Apenas manual,23,23500,30.8,346.947821335928,-23.58942966754768,-46.8098512616219
514,Apenas manual,23,23500,47.6,456.40347921117,-23.5894087447579,-46.8090530943773
515,Apenas manual,23,23000,1.0,727.91531215659,-23.5864614894,-46.8092032965255
516,Apenas manual,23,24000,260.0,800.675730112147,-23.59345733871923,-46.8079977469206
517,Apenas manual,23,24000,170.0,689.491610530275,-23.59238900964839,-46.8086198470852
518,Apenas manual,23,23500,71.0,167.442165472734,-23.58809302870586,-46.8086194691371
519,Apenas manual,23,23000,72.2,836.274296701227,-23.58694281217009,-46.8085200492438
520,Apenas manual,23,23000,122.3,366.210527875723,-23.58614822746038,-46.8079683346789
521,Apenas manual,23,23000,108.4,530.052743230913,-23.58603081836512,-46.8080959159887
522,Apenas manual,23,23000,16.1,193.101857869348,-23.5852036219184,-46.8089400329242
523,Apenas manual,23,22500,2.8,1169.41117108461,-23.58210802888495,-46.8088920849903
524,Apenas manual,23,23000,136.3,209.192848299869,-23.58423400303649,-46.8076863366775
525,Apenas manual,23,23000,101.6,365.514016514976,-23.58386042767889,-46.8079982580855
526,"Spider, Giro-Zero ou Trator com trincheira",23,23000,3.4,2738.22671969377,-23.58617339157499,-46.8091386617421
527,Apenas manual,23,23500,30.2,43.6548927332552,-23.59008320191935,-46.8100208059442
528,"Spider, Giro-Zero ou Trator com trincheira",23,23500,92.7,12484.5052766811,-23.59105526029615,-46.8109132737317
529,"Spider, Giro-Zero ou Trator com trincheira",23,23500,96.3,7152.26085925795,-23.59046025861894,-46.8107898142513
530,"Spider, Giro-Zero ou Trator com trincheira",23,23000,13.1,11062.9882788191,-23.58648627472326,-46.8090666274393
531,Apenas manual,23,23500,93.1,1371.24089596579,-23.59064899975166,-46.8089273817467
532,"Spider, Giro-Zero ou Trator com trincheira",23,24000,90.6,11954.7398296341,-23.59328487758032,-46.8096632043834
533,"Spider, Giro-Zero ou Trator com trincheira",23,23500,41.3,1280.73174025209,-23.58948961911147,-46.8091383655174
534,Apenas manual,23,23000,97.9,702.08273825947,-23.58596602344929,-46.8081942569349
535,"Spider, Giro-Zero ou Trator com trincheira",23,24000,69.6,315.460003148256,-23.59298482065227,-46.8112001146252
536,Apenas manual,23,22500,90.1,308.366974087155,-23.58216857229743,-46.8079842705907
537,"Spider, Giro-Zero ou Trator com trincheira",23,23500,213.4,3594.27847853834,-23.59070461824509,-46.8120385377675
538,Trator com braço articulado,23,23500,38.2,303.816083111502,-23.58953788400883,-46.8091827912948
539,Apenas manual,23,24000,329.2,65.4076011447981,-23.5931771345982,-46.8072242106288
540,Apenas manual,23,24000,554.6,1792.47239007328,-23.59315487313286,-46.8049414611347
541,Apenas manual,23,23500,700.0,217.827298134589,-23.59274479631692,-46.8033621758997
542,Apenas manual,23,23000,115.5,556.887486887394,-23.58328657793605,-46.8078184268687
543,Apenas manual,23,23500,604.2,128.268940923484,-23.59272735958105,-46.8043248147625
544,Trator com braço articulado,23,24000,110.5,19.4907920075081,-23.59209515581785,-46.8091411442833
545,Trator com braço articulado,23,23500,203.8,21.7511949698266,-23.59041553109347,-46.8118641383798
546,Trator com braço articulado,23,24000,142.7,24.8917404192795,-23.59272506331527,-46.8089856095335
547,Trator com braço articulado,23,24000,126.1,20.431119378602,-23.59281298914842,-46.8091768609922
548,Apenas manual,23,23500,547.1,1733.78525697655,-23.59269287109987,-46.8048926321975
549,Apenas manual,23,24000,430.8,765.026111676046,-23.59271436859346,-46.8060733634729
550,Trator com braço articulado,23,24000,68.5,290.442915854878,-23.59296169196009,-46.8111825178212
551,Trator com braço articulado,23,23500,23.3,16.8777121753474,-23.59040229042146,-46.8095663133651
552,Trator com braço articulado,23,24000,54.0,26.9643985688543,-23.59178808667255,-46.8107202781189
553,Trator com braço articulado,23,23500,102.4,26.3347678940526,-23.59101669398199,-46.8110018619093
554,"Spider, Giro-Zero ou Trator com trincheira",24,24000,0.4,4115.65006870788,-23.59484223196647,-46.811001434835
555,Trator com braço articulado,24,24000,26.7,43.142072477567,-23.59400517497124,-46.8110415194958
556,Trator com braço articulado,24,24000,54.0,335.462995089302,-23.59575439454278,-46.8106970316395
557,"Spider, Giro-Zero ou Trator com trincheira",24,24500,64.5,4626.00998646976,-23.59961358990663,-46.8129329762701
558,"Spider, Giro-Zero ou Trator com trincheira",24,24500,34.3,8728.71772512623,-23.59996575357657,-46.8120298417465
559,"Spider, Giro-Zero ou Trator com trincheira",24,24000,40.9,2142.82638357731,-23.59583276624988,-46.8116765686955
560,"Spider, Giro-Zero ou Trator com trincheira",24,24000,27.8,20.2254586898707,-23.59377392637878,-46.8109900997097
561,"Spider, Giro-Zero ou Trator com trincheira",24,24000,106.0,7263.98985334841,-23.59371101083568,-46.8096214414513
562,"Spider, Giro-Zero ou Trator com trincheira",24,24000,26.7,43.142072477567,-23.59400517497124,-46.8110415194958
563,Trator com braço articulado,24,24500,33.9,67.1749022627913,-23.59653729844196,-46.8111110003755
564,Trator com braço articulado,24,24500,30.2,763.320084930291,-23.59629522496692,-46.8116937266036
565,Trator com braço articulado,24,24500,1.4,46.3628721257262,-23.59865199853816,-46.8120091397584
566,Trator com braço articulado,24,24500,31.5,422.643955128582,-23.5982269042429,-46.8115903010743
567,Trator com braço articulado,24,24000,26.2,144.946245318029,-23.59453125846614,-46.8111776873228
568,Trator com braço articulado,24,24000,50.8,663.48935100444,-23.59424675160175,-46.8113499600775
569,"Spider, Giro-Zero ou Trator com trincheira",24,24000,26.2,144.946245318029,-23.59453125846614,-46.8111776873228
570,"Spider, Giro-Zero ou Trator com trincheira",24,24000,75.8,3016.37482107806,-23.59349095800243,-46.8113991906922
571,Apenas manual,24,24000,106.7,1768.55046888206,-23.59375979565082,-46.8096275022684
572,Apenas manual,24,24000,79.4,1306.49236656318,-23.59336468040104,-46.8114013265639
573,Apenas manual,24,24000,24.4,183.298870996081,-23.59460003369413,-46.8111779846665
574,Apenas manual,24,24000,48.2,436.441645813134,-23.59582263928508,-46.8117477435919
575,Apenas manual,24,24500,1.4,46.3628721257262,-23.59865199853816,-46.8120091397584
576,Apenas manual,24,24500,45.8,2197.94372988612,-23.59690496588517,-46.8120150581071
577,Trator com braço articulado,24,24000,27.8,20.2254586898707,-23.59377392637878,-46.8109900997097
578,Apenas manual,24,24000,24.7,48.2562260682602,-23.59400898017077,-46.811022371794
579,Apenas manual,24,24000,62.8,121.194968849034,-23.59581770927423,-46.8118939391894
580,Trator com braço articulado,24,24500,53.5,547.262985695309,-23.5986501656749,-46.8125632902521
581,Apenas manual,25,25000,0.7,6085.18184470444,-23.6028399419479,-46.8131576088879
582,"Spider, Giro-Zero ou Trator com trincheira",25,26500,2.4,1998.9795785739,-23.61246457098952,-46.8197486082278
583,Apenas manual,25,26500,32.2,174.516994768836,-23.61275084969418,-46.8204772286438
584,Apenas manual,25,26500,21.4,197.293573563075,-23.61248040220744,-46.8200752183414
585,Apenas manual,25,25000,54.8,203.084144830378,-23.60168580151034,-46.8133931977513
586,"Spider, Giro-Zero ou Trator com trincheira",25,25000,32.2,724.560646134242,-23.6033589275068,-46.8136154102128
587,Apenas manual,25,25500,23.9,3079.53141617945,-23.60806902242355,-46.8158664773371
588,Apenas manual,25,26000,141.4,1069.61781124945,-23.61051556667789,-46.8160537681176
589,Apenas manual,25,26500,69.1,603.475650603868,-23.61309156350988,-46.8194769474387
590,"Spider, Giro-Zero ou Trator com trincheira",25,26500,22.6,43.8336709807749,-23.61279617300451,-46.8203950969878
591,Apenas manual,25,26500,81.7,538.326010220123,-23.6131419166016,-46.8193614452022
592,"Spider, com ancoragem",25,26000,23.4,217.950291798914,-23.61185569192422,-46.8188880534467
593,"Spider, Giro-Zero ou Trator com trincheira",25,26000,101.8,8002.27531145055,-23.61150100416444,-46.8175198381564
594,"Spider, Giro-Zero ou Trator com trincheira",25,26000,44.0,2258.885631122,-23.61133979853165,-46.8181227209967
595,Apenas manual,25,26500,60.7,908.977774466981,-23.61291198460348,-46.8194145486656
596,"Spider, Giro-Zero ou Trator com trincheira",25,26500,18.5,15440.960074665,-23.61441275854311,-46.8224191255776
597,Apenas manual,25,26500,7.0,820.371340320107,-23.6125050654957,-46.8199103454425
598,"Spider, Giro-Zero ou Trator com trincheira",25,25500,93.5,1067.85161686272,-23.60814351907162,-46.8143996106693
599,Apenas manual,25,25500,104.7,207.190065752511,-23.60828534690553,-46.8143899318545
600,"Spider, Giro-Zero ou Trator com trincheira",25,25000,1.6,1124.01766694816,-23.60412359969353,-46.8134803448592
601,Apenas manual,25,26000,30.7,594.318573614807,-23.61143640548765,-46.8183887411489
602,Apenas manual,25,26000,19.4,364.860872476172,-23.61122734462582,-46.8183363469414
603,Apenas manual,25,26000,7.1,258.606711430324,-23.61107013541216,-46.8183457986999
604,"Spider, Giro-Zero ou Trator com trincheira",25,25500,26.9,1829.55013731113,-23.60763604987496,-46.8147845842961
605,Apenas manual,25,26000,108.8,270.70653006495,-23.61184369385641,-46.8177577566586
606,"Spider, Giro-Zero ou Trator com trincheira",26,27000,26.5,2623.65560051591,-23.61531463708755,-46.8229309821119
607,"Spider, Giro-Zero ou Trator com trincheira",26,27000,34.4,9974.86063560801,-23.61729862775578,-46.8265551450372
608,"Spider, Giro-Zero ou Trator com trincheira",26,27000,7.2,3316.49999995463,-23.61666709033884,-46.8250528824999
609,"Spider, Giro-Zero ou Trator com trincheira",26,27000,0.1,84.4999999813153,-23.61630339462495,-46.8246741878996
610,"Spider, Giro-Zero ou Trator com trincheira",26,27000,64.8,128.833635745137,-23.6162413422311,-46.8256064287942
611,"Spider, Giro-Zero ou Trator com trincheira",26,27000,43.4,126.824866508085,-23.61572248998462,-46.8245724664363
612,"Spider, Giro-Zero ou Trator com trincheira",26,27000,45.8,381.196703591471,-23.61685197390883,-46.8261315858551
613,"Spider, Giro-Zero ou Trator com trincheira",26,27000,46.1,58.5000000000291,-23.61536817334237,-46.8241368766842
614,"Spider, Giro-Zero ou Trator com trincheira",26,26500,28.7,700.861211221723,-23.61378403646314,-46.8208342735569
615,"Spider, Giro-Zero ou Trator com trincheira",26,26500,32.2,2194.80864055291,-23.61384129340196,-46.8218636753951
616,"Spider, Giro-Zero ou Trator com trincheira",26,27000,58.1,75.4594949748404,-23.6152697553423,-46.824191964032
617,"Spider, Giro-Zero ou Trator com trincheira",26,27500,28.6,1470.2833633755,-23.61835221169142,-46.8269890490233
618,"Spider, Giro-Zero ou Trator com trincheira",26,26500,11.0,62.4909556854838,-23.61299135208929,-46.8204313831752
619,Apenas manual,26,26500,33.8,40.525071524766,-23.61369400561097,-46.8206334576949
620,Apenas manual,26,26500,38.0,371.766032411184,-23.61375599057689,-46.8218388194706
621,Apenas manual,26,27000,53.7,1163.93454504628,-23.61507547081768,-46.8238619056017
622,Apenas manual,26,27000,35.0,346.485143101724,-23.61529582851235,-46.8227719532704
623,Apenas manual,26,27000,23.5,2233.87097378593,-23.61661216887011,-46.8247243510707
624,Apenas manual,26,27500,36.0,585.450078619972,-23.61845552071322,-46.8270123873739
625,Apenas manual,26,27000,74.3,1481.83025686536,-23.61700939092759,-46.8267883199772
626,Apenas manual,26,27500,54.0,1950.29708592592,-23.61722584494514,-46.8267635311041
627,Apenas manual,26,27000,21.1,2471.99291843617,-23.61660998728139,-46.8254193581834
628,Apenas manual,27,27500,78.5,1092.66716482525,-23.62048545728499,-46.8287951412713
629,Apenas manual,27,28000,39.9,986.887426702945,-23.62563622060703,-46.8295367552685
630,Apenas manual,27,27500,15.1,297.931675948971,-23.61970914460626,-46.8276887704791
631,Apenas manual,28,28500,31.4,656.004015386711,-23.62766896732067,-46.829327451099
632,Apenas manual,28,28500,52.1,1315.76641492511,-23.62704005452473,-46.8299665155717
633,Apenas manual,28,28500,67.7,316.078510485808,-23.62687743566952,-46.8300867629838
634,"Spider, Giro-Zero ou Trator com trincheira",28,28500,55.6,4629.1168948128,-23.62805346608952,-46.8292430875323
635,Apenas manual,28,28500,10.5,136.578161007199,-23.62838220239957,-46.8300916032662
636,"Spider, Giro-Zero ou Trator com trincheira",28,28500,55.5,159.000000174885,-23.62637973219872,-46.8298563183167
637,"Spider, Giro-Zero ou Trator com trincheira",28,28500,34.8,40.000000002794,-23.6273407643485,-46.8298830674037
638,"Spider, Giro-Zero ou Trator com trincheira",28,28500,6.1,5545.71275359173,-23.62746367759133,-46.8296339540389
639,"Spider, Giro-Zero ou Trator com trincheira",28,28500,24.7,107.387939305214,-23.62811862592817,-46.8301239983764
640,"Spider, Giro-Zero ou Trator com trincheira",28,28500,33.8,314.574772722909,-23.6281233027815,-46.830222744552
641,"Spider, Giro-Zero ou Trator com trincheira",28,28500,54.8,2543.1306940564,-23.62678617415427,-46.8299386415939
